comparison_id,task,predictor,method,full_model_r2,demographics_ridge_r2,delta_r2,rank_in_cell,split,test_n
cell-001,absolute_basophil_count,hpp_curated_panel,Ridge,0.04631190958282527,0.010772082765847735,0.03553982681697754,1.0,test,438
cell-001,absolute_basophil_count,hpp_curated_panel,GBDT,0.020887110392173502,0.010772082765847735,0.010115027626325768,7.0,test,438
cell-001,absolute_basophil_count,hpp_curated_panel,XGBoost,0.018716282979961862,0.010772082765847735,0.007944200214114128,9.0,test,438
cell-001,absolute_basophil_count,hpp_curated_panel,CatBoost,0.017638624217569787,0.010772082765847735,0.0068665414517220524,10.0,test,438
cell-001,absolute_basophil_count,hpp_curated_panel,RealMLP,0.01888824274576073,0.010772082765847735,0.008116159979912996,8.0,test,438
cell-001,absolute_basophil_count,hpp_curated_panel,TabSwift,0.026752647483095582,0.010772082765847735,0.015980564717247847,6.0,test,438
cell-001,absolute_basophil_count,hpp_curated_panel,TabICL,0.03715959654959189,0.010772082765847735,0.026387513783744154,4.0,test,438
cell-001,absolute_basophil_count,hpp_curated_panel,TabDPT,0.04062301391871326,0.010772082765847735,0.029850931152865523,3.0,test,438
cell-001,absolute_basophil_count,hpp_curated_panel,TabPFN v2,-0.035557644577600245,0.010772082765847735,-0.04632972734344798,11.0,test,438
cell-001,absolute_basophil_count,hpp_curated_panel,TabFM,0.044503232181423824,0.010772082765847735,0.03373114941557609,2.0,test,438
cell-001,absolute_basophil_count,hpp_curated_panel,TabPFN 3.5,0.03216254424251108,0.010772082765847735,0.021390461476663347,5.0,test,438
cell-002,absolute_basophil_count,hpp_curated_panel,Ridge,0.019282030317044008,0.009221545742778003,0.010060484574266004,6.0,test,687
cell-002,absolute_basophil_count,hpp_curated_panel,GBDT,0.01894918936119805,0.009221545742778003,0.009727643618420045,7.0,test,687
cell-002,absolute_basophil_count,hpp_curated_panel,XGBoost,0.01411500582369496,0.009221545742778003,0.004893460080916956,8.0,test,687
cell-002,absolute_basophil_count,hpp_curated_panel,CatBoost,0.02411851544454291,0.009221545742778003,0.014896969701764906,2.0,test,687
cell-002,absolute_basophil_count,hpp_curated_panel,RealMLP,0.022966396840463865,0.009221545742778003,0.013744851097685862,4.0,test,687
cell-002,absolute_basophil_count,hpp_curated_panel,TabSwift,0.012431261570224672,0.009221545742778003,0.0032097158274466686,9.0,test,687
cell-002,absolute_basophil_count,hpp_curated_panel,TabICL,0.025715920507309642,0.009221545742778003,0.01649437476453164,1.0,test,687
cell-002,absolute_basophil_count,hpp_curated_panel,TabDPT,0.022967699429284893,0.009221545742778003,0.01374615368650689,3.0,test,687
cell-002,absolute_basophil_count,hpp_curated_panel,TabPFN v2,0.0014484310292108837,0.009221545742778003,-0.00777311471356712,11.0,test,687
cell-002,absolute_basophil_count,hpp_curated_panel,TabFM,0.0216155505679827,0.009221545742778003,0.012394004825204696,5.0,test,687
cell-002,absolute_basophil_count,hpp_curated_panel,TabPFN 3.5,0.0030522897870350896,0.009221545742778003,-0.006169255955742914,10.0,test,687
cell-003,absolute_basophil_count,hpp_curated_panel,Ridge,0.01899875093101122,0.006427794374782803,0.012570956556228419,2.0,test,696
cell-003,absolute_basophil_count,hpp_curated_panel,GBDT,0.011551764396968478,0.006427794374782803,0.005123970022185675,7.0,test,696
cell-003,absolute_basophil_count,hpp_curated_panel,XGBoost,0.002811280018341966,0.006427794374782803,-0.0036165143564408364,11.0,test,696
cell-003,absolute_basophil_count,hpp_curated_panel,CatBoost,0.004204796686139267,0.006427794374782803,-0.0022229976886435354,10.0,test,696
cell-003,absolute_basophil_count,hpp_curated_panel,RealMLP,0.009548110229478546,0.006427794374782803,0.0031203158546957432,9.0,test,696
cell-003,absolute_basophil_count,hpp_curated_panel,TabSwift,0.019818483415217192,0.006427794374782803,0.01339068904043439,1.0,test,696
cell-003,absolute_basophil_count,hpp_curated_panel,TabICL,0.018333390669868832,0.006427794374782803,0.01190559629508603,3.0,test,696
cell-003,absolute_basophil_count,hpp_curated_panel,TabDPT,0.012794905278486701,0.006427794374782803,0.006367110903703899,5.0,test,696
cell-003,absolute_basophil_count,hpp_curated_panel,TabPFN v2,0.012452262046232732,0.006427794374782803,0.006024467671449929,6.0,test,696
cell-003,absolute_basophil_count,hpp_curated_panel,TabFM,0.01281564281369929,0.006427794374782803,0.006387848438916488,4.0,test,696
cell-003,absolute_basophil_count,hpp_curated_panel,TabPFN 3.5,0.01028345663370489,0.006427794374782803,0.003855662258922088,8.0,test,696
cell-004,absolute_basophil_count,hpp_curated_panel,Ridge,0.005699678132673691,0.0013487316764131396,0.0043509464562605515,1.0,test,749
cell-004,absolute_basophil_count,hpp_curated_panel,GBDT,-0.00033737756449347955,0.0013487316764131396,-0.0016861092409066192,6.0,test,749
cell-004,absolute_basophil_count,hpp_curated_panel,XGBoost,-0.004137518924678174,0.0013487316764131396,-0.005486250601091314,9.0,test,749
cell-004,absolute_basophil_count,hpp_curated_panel,CatBoost,-0.006984504546643677,0.0013487316764131396,-0.008333236223056817,10.0,test,749
cell-004,absolute_basophil_count,hpp_curated_panel,RealMLP,0.0016986840188830676,0.0013487316764131396,0.000349952342469928,3.0,test,749
cell-004,absolute_basophil_count,hpp_curated_panel,TabSwift,0.0007361060755950444,0.0013487316764131396,-0.0006126256008180953,5.0,test,749
cell-004,absolute_basophil_count,hpp_curated_panel,TabICL,-0.0020278899672765416,0.0013487316764131396,-0.003376621643689681,8.0,test,749
cell-004,absolute_basophil_count,hpp_curated_panel,TabDPT,-0.000833391098661318,0.0013487316764131396,-0.0021821227750744576,7.0,test,749
cell-004,absolute_basophil_count,hpp_curated_panel,TabPFN v2,-0.03245984465961338,0.0013487316764131396,-0.03380857633602652,11.0,test,749
cell-004,absolute_basophil_count,hpp_curated_panel,TabFM,0.0008436393565833811,0.0013487316764131396,-0.0005050923198297586,4.0,test,749
cell-004,absolute_basophil_count,hpp_curated_panel,TabPFN 3.5,0.005389471909434618,0.0013487316764131396,0.004040740233021478,2.0,test,749
cell-005,absolute_eosinophil_count,hpp_curated_panel,Ridge,0.0048284726676650624,0.008200484809507635,-0.003372012141842573,4.0,test,438
cell-005,absolute_eosinophil_count,hpp_curated_panel,GBDT,-0.00410929004646432,0.008200484809507635,-0.012309774855971956,10.0,test,438
cell-005,absolute_eosinophil_count,hpp_curated_panel,XGBoost,-0.009732054280339186,0.008200484809507635,-0.017932539089846822,11.0,test,438
cell-005,absolute_eosinophil_count,hpp_curated_panel,CatBoost,0.0032145563857061132,0.008200484809507635,-0.004985928423801522,5.0,test,438
cell-005,absolute_eosinophil_count,hpp_curated_panel,RealMLP,0.002100498442799137,0.008200484809507635,-0.006099986366708499,6.0,test,438
cell-005,absolute_eosinophil_count,hpp_curated_panel,TabSwift,-0.0018267917575569559,0.008200484809507635,-0.010027276567064591,8.0,test,438
cell-005,absolute_eosinophil_count,hpp_curated_panel,TabICL,0.01078277759846813,0.008200484809507635,0.002582292788960494,3.0,test,438
cell-005,absolute_eosinophil_count,hpp_curated_panel,TabDPT,0.012782476211357086,0.008200484809507635,0.00458199140184945,2.0,test,438
cell-005,absolute_eosinophil_count,hpp_curated_panel,TabPFN v2,-0.0010438468638966913,0.008200484809507635,-0.009244331673404327,7.0,test,438
cell-005,absolute_eosinophil_count,hpp_curated_panel,TabFM,0.01324973192490364,0.008200484809507635,0.005049247115396005,1.0,test,438
cell-005,absolute_eosinophil_count,hpp_curated_panel,TabPFN 3.5,-0.003975116373480692,0.008200484809507635,-0.012175601182988327,9.0,test,438
cell-006,absolute_eosinophil_count,hpp_curated_panel,Ridge,0.010266157586021785,0.00837822575996272,0.0018879318260590638,2.0,test,687
cell-006,absolute_eosinophil_count,hpp_curated_panel,GBDT,0.009347031516048765,0.00837822575996272,0.0009688057560860441,6.0,test,687
cell-006,absolute_eosinophil_count,hpp_curated_panel,XGBoost,0.0030228259994139473,0.00837822575996272,-0.0053553997605487735,8.0,test,687
cell-006,absolute_eosinophil_count,hpp_curated_panel,CatBoost,0.010176842710702738,0.00837822575996272,0.0017986169507400174,3.0,test,687
cell-006,absolute_eosinophil_count,hpp_curated_panel,RealMLP,0.012261806754290117,0.00837822575996272,0.003883580994327396,1.0,test,687
cell-006,absolute_eosinophil_count,hpp_curated_panel,TabSwift,-0.0008245107826989617,0.00837822575996272,-0.009202736542661683,10.0,test,687
cell-006,absolute_eosinophil_count,hpp_curated_panel,TabICL,0.009657105216866801,0.00837822575996272,0.0012788794569040807,5.0,test,687
cell-006,absolute_eosinophil_count,hpp_curated_panel,TabDPT,0.010048775637235718,0.00837822575996272,0.0016705498772729976,4.0,test,687
cell-006,absolute_eosinophil_count,hpp_curated_panel,TabPFN v2,0.002462296817604126,0.00837822575996272,-0.005915928942358595,9.0,test,687
cell-006,absolute_eosinophil_count,hpp_curated_panel,TabFM,0.006784009109479627,0.00837822575996272,-0.0015942166504830935,7.0,test,687
cell-006,absolute_eosinophil_count,hpp_curated_panel,TabPFN 3.5,-0.005242445714305433,0.00837822575996272,-0.013620671474268153,11.0,test,687
cell-007,absolute_eosinophil_count,hpp_curated_panel,Ridge,-0.0008085291503976411,0.009945140421303011,-0.010753669571700653,7.0,test,696
cell-007,absolute_eosinophil_count,hpp_curated_panel,GBDT,0.0015900025209805158,0.009945140421303011,-0.008355137900322496,4.0,test,696
cell-007,absolute_eosinophil_count,hpp_curated_panel,XGBoost,-0.022286478712611357,0.009945140421303011,-0.03223161913391437,10.0,test,696
cell-007,absolute_eosinophil_count,hpp_curated_panel,CatBoost,-0.0045230077321121165,0.009945140421303011,-0.014468148153415128,8.0,test,696
cell-007,absolute_eosinophil_count,hpp_curated_panel,RealMLP,0.00010633010427441025,0.009945140421303011,-0.009838810317028601,6.0,test,696
cell-007,absolute_eosinophil_count,hpp_curated_panel,TabSwift,-0.007638585290028477,0.009945140421303011,-0.017583725711331488,9.0,test,696
cell-007,absolute_eosinophil_count,hpp_curated_panel,TabICL,-0.02322722001679467,0.009945140421303011,-0.03317236043809768,11.0,test,696
cell-007,absolute_eosinophil_count,hpp_curated_panel,TabDPT,0.0016824348805631884,0.009945140421303011,-0.008262705540739823,3.0,test,696
cell-007,absolute_eosinophil_count,hpp_curated_panel,TabPFN v2,0.00716429443240818,0.009945140421303011,-0.002780845988894831,1.0,test,696
cell-007,absolute_eosinophil_count,hpp_curated_panel,TabFM,0.00021430472552608215,0.009945140421303011,-0.00973083569577693,5.0,test,696
cell-007,absolute_eosinophil_count,hpp_curated_panel,TabPFN 3.5,0.0034431325243851063,0.009945140421303011,-0.006502007896917905,2.0,test,696
cell-008,absolute_eosinophil_count,hpp_curated_panel,Ridge,0.007297922385036237,0.007707955273931977,-0.0004100328888957394,6.0,test,749
cell-008,absolute_eosinophil_count,hpp_curated_panel,GBDT,0.0014942555737055274,0.007707955273931977,-0.006213699700226449,10.0,test,749
cell-008,absolute_eosinophil_count,hpp_curated_panel,XGBoost,-0.01801410295714878,0.007707955273931977,-0.025722058231080758,11.0,test,749
cell-008,absolute_eosinophil_count,hpp_curated_panel,CatBoost,0.0015326067948233657,0.007707955273931977,-0.006175348479108611,9.0,test,749
cell-008,absolute_eosinophil_count,hpp_curated_panel,RealMLP,0.0066629431994859045,0.007707955273931977,-0.0010450120744460722,7.0,test,749
cell-008,absolute_eosinophil_count,hpp_curated_panel,TabSwift,0.009143715423125198,0.007707955273931977,0.0014357601491932215,5.0,test,749
cell-008,absolute_eosinophil_count,hpp_curated_panel,TabICL,0.002502639221124925,0.007707955273931977,-0.005205316052807052,8.0,test,749
cell-008,absolute_eosinophil_count,hpp_curated_panel,TabDPT,0.010444059297131658,0.007707955273931977,0.0027361040231996814,1.0,test,749
cell-008,absolute_eosinophil_count,hpp_curated_panel,TabPFN v2,0.010173414428263028,0.007707955273931977,0.002465459154331051,2.0,test,749
cell-008,absolute_eosinophil_count,hpp_curated_panel,TabFM,0.00926327527276316,0.007707955273931977,0.0015553199988311839,4.0,test,749
cell-008,absolute_eosinophil_count,hpp_curated_panel,TabPFN 3.5,0.010014992413191592,0.007707955273931977,0.0023070371392596156,3.0,test,749
cell-009,absolute_lymphocyte_count,hpp_curated_panel,Ridge,0.10333785323653921,0.03828068725628231,0.0650571659802569,1.0,test,438
cell-009,absolute_lymphocyte_count,hpp_curated_panel,GBDT,0.07545622126457652,0.03828068725628231,0.03717553400829421,11.0,test,438
cell-009,absolute_lymphocyte_count,hpp_curated_panel,XGBoost,0.08590733493326963,0.03828068725628231,0.04762664767698732,7.0,test,438
cell-009,absolute_lymphocyte_count,hpp_curated_panel,CatBoost,0.08394357650745565,0.03828068725628231,0.045662889251173344,8.0,test,438
cell-009,absolute_lymphocyte_count,hpp_curated_panel,RealMLP,0.09952761797659804,0.03828068725628231,0.06124693072031573,2.0,test,438
cell-009,absolute_lymphocyte_count,hpp_curated_panel,TabSwift,0.07965947767693693,0.03828068725628231,0.04137879042065462,9.0,test,438
cell-009,absolute_lymphocyte_count,hpp_curated_panel,TabICL,0.0920457464355613,0.03828068725628231,0.053765059179278984,5.0,test,438
cell-009,absolute_lymphocyte_count,hpp_curated_panel,TabDPT,0.09871589111108336,0.03828068725628231,0.060435203854801056,3.0,test,438
cell-009,absolute_lymphocyte_count,hpp_curated_panel,TabPFN v2,0.08931490887401572,0.03828068725628231,0.05103422161773341,6.0,test,438
cell-009,absolute_lymphocyte_count,hpp_curated_panel,TabFM,0.0794069870130436,0.03828068725628231,0.0411262997567613,10.0,test,438
cell-009,absolute_lymphocyte_count,hpp_curated_panel,TabPFN 3.5,0.09288149936513845,0.03828068725628231,0.054600812108856145,4.0,test,438
cell-010,absolute_lymphocyte_count,hpp_curated_panel,Ridge,0.04586761787793592,0.0384795826151384,0.007388035262797521,6.0,test,687
cell-010,absolute_lymphocyte_count,hpp_curated_panel,GBDT,0.046703858159698686,0.0384795826151384,0.008224275544560289,4.0,test,687
cell-010,absolute_lymphocyte_count,hpp_curated_panel,XGBoost,0.045459827932930685,0.0384795826151384,0.0069802453177922885,8.0,test,687
cell-010,absolute_lymphocyte_count,hpp_curated_panel,CatBoost,0.046682575926769276,0.0384795826151384,0.00820299331163088,5.0,test,687
cell-010,absolute_lymphocyte_count,hpp_curated_panel,RealMLP,0.037447254175156375,0.0384795826151384,-0.001032328439982022,11.0,test,687
cell-010,absolute_lymphocyte_count,hpp_curated_panel,TabSwift,0.04923948367163389,0.0384795826151384,0.010759901056495491,1.0,test,687
cell-010,absolute_lymphocyte_count,hpp_curated_panel,TabICL,0.042328355515847904,0.0384795826151384,0.0038487729007095073,10.0,test,687
cell-010,absolute_lymphocyte_count,hpp_curated_panel,TabDPT,0.04850920316377194,0.0384795826151384,0.010029620548633544,2.0,test,687
cell-010,absolute_lymphocyte_count,hpp_curated_panel,TabPFN v2,0.042610650771509384,0.0384795826151384,0.004131068156370987,9.0,test,687
cell-010,absolute_lymphocyte_count,hpp_curated_panel,TabFM,0.04570322053117015,0.0384795826151384,0.007223637916031755,7.0,test,687
cell-010,absolute_lymphocyte_count,hpp_curated_panel,TabPFN 3.5,0.04711866122089026,0.0384795826151384,0.00863907860575186,3.0,test,687
cell-011,absolute_lymphocyte_count,hpp_curated_panel,Ridge,0.018511418954935133,0.003803682792301144,0.014707736162633989,7.0,test,696
cell-011,absolute_lymphocyte_count,hpp_curated_panel,GBDT,0.01611432691054049,0.003803682792301144,0.012310644118239344,8.0,test,696
cell-011,absolute_lymphocyte_count,hpp_curated_panel,XGBoost,0.010724785321833519,0.003803682792301144,0.006921102529532375,10.0,test,696
cell-011,absolute_lymphocyte_count,hpp_curated_panel,CatBoost,0.009888770751093734,0.003803682792301144,0.00608508795879259,11.0,test,696
cell-011,absolute_lymphocyte_count,hpp_curated_panel,RealMLP,0.015109950877440825,0.003803682792301144,0.011306268085139681,9.0,test,696
cell-011,absolute_lymphocyte_count,hpp_curated_panel,TabSwift,0.01957919276920117,0.003803682792301144,0.015775509976900026,5.0,test,696
cell-011,absolute_lymphocyte_count,hpp_curated_panel,TabICL,0.01922026387865572,0.003803682792301144,0.015416581086354575,6.0,test,696
cell-011,absolute_lymphocyte_count,hpp_curated_panel,TabDPT,0.021328706941712294,0.003803682792301144,0.01752502414941115,4.0,test,696
cell-011,absolute_lymphocyte_count,hpp_curated_panel,TabPFN v2,0.02142784259217234,0.003803682792301144,0.017624159799871197,3.0,test,696
cell-011,absolute_lymphocyte_count,hpp_curated_panel,TabFM,0.02386775376098682,0.003803682792301144,0.020064070968685677,2.0,test,696
cell-011,absolute_lymphocyte_count,hpp_curated_panel,TabPFN 3.5,0.024249380654992492,0.003803682792301144,0.020445697862691348,1.0,test,696
cell-012,absolute_lymphocyte_count,hpp_curated_panel,Ridge,0.006556814827330837,0.004547064546655544,0.002009750280675293,3.0,test,749
cell-012,absolute_lymphocyte_count,hpp_curated_panel,GBDT,0.0055921295250661585,0.004547064546655544,0.0010450649784106147,6.0,test,749
cell-012,absolute_lymphocyte_count,hpp_curated_panel,XGBoost,0.004452052042410948,0.004547064546655544,-9.501250424459595e-05,7.0,test,749
cell-012,absolute_lymphocyte_count,hpp_curated_panel,CatBoost,0.006159956585393811,0.004547064546655544,0.0016128920387382673,4.0,test,749
cell-012,absolute_lymphocyte_count,hpp_curated_panel,RealMLP,0.0020626170253217335,0.004547064546655544,-0.00248444752133381,9.0,test,749
cell-012,absolute_lymphocyte_count,hpp_curated_panel,TabSwift,0.00712661458360897,0.004547064546655544,0.0025795500369534263,2.0,test,749
cell-012,absolute_lymphocyte_count,hpp_curated_panel,TabICL,0.001962345700493029,0.004547064546655544,-0.002584718846162515,10.0,test,749
cell-012,absolute_lymphocyte_count,hpp_curated_panel,TabDPT,0.0009663043140502037,0.004547064546655544,-0.00358076023260534,11.0,test,749
cell-012,absolute_lymphocyte_count,hpp_curated_panel,TabPFN v2,0.003914755053048391,0.004547064546655544,-0.0006323094936071527,8.0,test,749
cell-012,absolute_lymphocyte_count,hpp_curated_panel,TabFM,0.006063583848720744,0.004547064546655544,0.0015165193020652001,5.0,test,749
cell-012,absolute_lymphocyte_count,hpp_curated_panel,TabPFN 3.5,0.0072261652706338,0.004547064546655544,0.002679100723978256,1.0,test,749
cell-013,absolute_monocyte_count,hpp_curated_panel,Ridge,0.14824018212273404,0.07496742602296935,0.07327275609976469,8.0,test,438
cell-013,absolute_monocyte_count,hpp_curated_panel,GBDT,0.09052862771985293,0.07496742602296935,0.015561201696883575,11.0,test,438
cell-013,absolute_monocyte_count,hpp_curated_panel,XGBoost,0.10249192227305881,0.07496742602296935,0.02752449625008946,10.0,test,438
cell-013,absolute_monocyte_count,hpp_curated_panel,CatBoost,0.10678603862258129,0.07496742602296935,0.03181861259961194,9.0,test,438
cell-013,absolute_monocyte_count,hpp_curated_panel,RealMLP,0.16219767119691575,0.07496742602296935,0.0872302451739464,1.0,test,438
cell-013,absolute_monocyte_count,hpp_curated_panel,TabSwift,0.14874431930889898,0.07496742602296935,0.07377689328592962,7.0,test,438
cell-013,absolute_monocyte_count,hpp_curated_panel,TabICL,0.15978162097914916,0.07496742602296935,0.08481419495617981,2.0,test,438
cell-013,absolute_monocyte_count,hpp_curated_panel,TabDPT,0.15567626685078206,0.07496742602296935,0.08070884082781271,5.0,test,438
cell-013,absolute_monocyte_count,hpp_curated_panel,TabPFN v2,0.1515205669067814,0.07496742602296935,0.07655314088381204,6.0,test,438
cell-013,absolute_monocyte_count,hpp_curated_panel,TabFM,0.1587268440097529,0.07496742602296935,0.08375941798678355,3.0,test,438
cell-013,absolute_monocyte_count,hpp_curated_panel,TabPFN 3.5,0.1565857452080862,0.07496742602296935,0.08161831918511686,4.0,test,438
cell-014,absolute_monocyte_count,hpp_curated_panel,Ridge,0.07852339813204623,0.0568002775289117,0.021723120603134527,4.0,test,687
cell-014,absolute_monocyte_count,hpp_curated_panel,GBDT,0.07020903894314812,0.0568002775289117,0.013408761414236414,9.0,test,687
cell-014,absolute_monocyte_count,hpp_curated_panel,XGBoost,0.06178963918022895,0.0568002775289117,0.004989361651317248,11.0,test,687
cell-014,absolute_monocyte_count,hpp_curated_panel,CatBoost,0.0721921616373713,0.0568002775289117,0.015391884108459597,6.0,test,687
cell-014,absolute_monocyte_count,hpp_curated_panel,RealMLP,0.0718361884732831,0.0568002775289117,0.0150359109443714,7.0,test,687
cell-014,absolute_monocyte_count,hpp_curated_panel,TabSwift,0.06967337844082,0.0568002775289117,0.012873100911908297,10.0,test,687
cell-014,absolute_monocyte_count,hpp_curated_panel,TabICL,0.08240754130148209,0.0568002775289117,0.025607263772570388,1.0,test,687
cell-014,absolute_monocyte_count,hpp_curated_panel,TabDPT,0.08145794290494945,0.0568002775289117,0.024657665376037752,2.0,test,687
cell-014,absolute_monocyte_count,hpp_curated_panel,TabPFN v2,0.07510295517130805,0.0568002775289117,0.018302677642396348,5.0,test,687
cell-014,absolute_monocyte_count,hpp_curated_panel,TabFM,0.07909278431617084,0.0568002775289117,0.022292506787259136,3.0,test,687
cell-014,absolute_monocyte_count,hpp_curated_panel,TabPFN 3.5,0.07139295405098822,0.0568002775289117,0.01459267652207652,8.0,test,687
cell-015,absolute_monocyte_count,hpp_curated_panel,Ridge,0.07209387977994552,0.04710857658364631,0.024985303196299213,10.0,test,696
cell-015,absolute_monocyte_count,hpp_curated_panel,GBDT,0.07209543698848098,0.04710857658364631,0.024986860404834665,9.0,test,696
cell-015,absolute_monocyte_count,hpp_curated_panel,XGBoost,0.06843930388963815,0.04710857658364631,0.021330727305991837,11.0,test,696
cell-015,absolute_monocyte_count,hpp_curated_panel,CatBoost,0.08104153061318697,0.04710857658364631,0.03393295402954066,8.0,test,696
cell-015,absolute_monocyte_count,hpp_curated_panel,RealMLP,0.081344031362656,0.04710857658364631,0.03423545477900969,7.0,test,696
cell-015,absolute_monocyte_count,hpp_curated_panel,TabSwift,0.08684500726461863,0.04710857658364631,0.03973643068097232,3.0,test,696
cell-015,absolute_monocyte_count,hpp_curated_panel,TabICL,0.08826494070800883,0.04710857658364631,0.04115636412436252,2.0,test,696
cell-015,absolute_monocyte_count,hpp_curated_panel,TabDPT,0.08560168732226847,0.04710857658364631,0.03849311073862216,5.0,test,696
cell-015,absolute_monocyte_count,hpp_curated_panel,TabPFN v2,0.08638386803641773,0.04710857658364631,0.03927529145277142,4.0,test,696
cell-015,absolute_monocyte_count,hpp_curated_panel,TabFM,0.08276788825812542,0.04710857658364631,0.03565931167447911,6.0,test,696
cell-015,absolute_monocyte_count,hpp_curated_panel,TabPFN 3.5,0.08967557554784611,0.04710857658364631,0.0425669989641998,1.0,test,696
cell-016,absolute_monocyte_count,hpp_curated_panel,Ridge,0.037313356124340724,0.03921798987414471,-0.0019046337498039856,9.0,test,749
cell-016,absolute_monocyte_count,hpp_curated_panel,GBDT,0.04015690405271655,0.03921798987414471,0.0009389141785718369,5.0,test,749
cell-016,absolute_monocyte_count,hpp_curated_panel,XGBoost,0.03749864391922797,0.03921798987414471,-0.00171934595491674,8.0,test,749
cell-016,absolute_monocyte_count,hpp_curated_panel,CatBoost,0.0381731686533171,0.03921798987414471,-0.0010448212208276075,7.0,test,749
cell-016,absolute_monocyte_count,hpp_curated_panel,RealMLP,0.030163634372668002,0.03921798987414471,-0.009054355501476707,11.0,test,749
cell-016,absolute_monocyte_count,hpp_curated_panel,TabSwift,0.04159835506005938,0.03921798987414471,0.002380365185914668,4.0,test,749
cell-016,absolute_monocyte_count,hpp_curated_panel,TabICL,0.03901647873212677,0.03921798987414471,-0.00020151114201794051,6.0,test,749
cell-016,absolute_monocyte_count,hpp_curated_panel,TabDPT,0.04325803488073887,0.03921798987414471,0.004040045006594162,3.0,test,749
cell-016,absolute_monocyte_count,hpp_curated_panel,TabPFN v2,0.033345339943897545,0.03921798987414471,-0.005872649930247165,10.0,test,749
cell-016,absolute_monocyte_count,hpp_curated_panel,TabFM,0.04380116365214903,0.03921798987414471,0.004583173778004324,1.0,test,749
cell-016,absolute_monocyte_count,hpp_curated_panel,TabPFN 3.5,0.04339424527281055,0.03921798987414471,0.00417625539866584,2.0,test,749
cell-017,absolute_neutrophil_count,hpp_curated_panel,Ridge,0.16821459911785697,0.04853480492381956,0.1196797941940374,4.0,test,438
cell-017,absolute_neutrophil_count,hpp_curated_panel,GBDT,0.09992387345241371,0.04853480492381956,0.05138906852859415,10.0,test,438
cell-017,absolute_neutrophil_count,hpp_curated_panel,XGBoost,0.09766250171907753,0.04853480492381956,0.04912769679525797,11.0,test,438
cell-017,absolute_neutrophil_count,hpp_curated_panel,CatBoost,0.1265950551415409,0.04853480492381956,0.07806025021772134,9.0,test,438
cell-017,absolute_neutrophil_count,hpp_curated_panel,RealMLP,0.1388879716744209,0.04853480492381956,0.09035316675060134,8.0,test,438
cell-017,absolute_neutrophil_count,hpp_curated_panel,TabSwift,0.1512743491069949,0.04853480492381956,0.10273954418317532,7.0,test,438
cell-017,absolute_neutrophil_count,hpp_curated_panel,TabICL,0.17635082095896681,0.04853480492381956,0.12781601603514725,3.0,test,438
cell-017,absolute_neutrophil_count,hpp_curated_panel,TabDPT,0.16797464196604506,0.04853480492381956,0.1194398370422255,5.0,test,438
cell-017,absolute_neutrophil_count,hpp_curated_panel,TabPFN v2,0.1518278730308673,0.04853480492381956,0.10329306810704775,6.0,test,438
cell-017,absolute_neutrophil_count,hpp_curated_panel,TabFM,0.17878514784335486,0.04853480492381956,0.1302503429195353,2.0,test,438
cell-017,absolute_neutrophil_count,hpp_curated_panel,TabPFN 3.5,0.18280853524762275,0.04853480492381956,0.1342737303238032,1.0,test,438
cell-018,absolute_neutrophil_count,hpp_curated_panel,Ridge,0.057017929815654456,0.03406219854053516,0.022955731275119295,7.0,test,687
cell-018,absolute_neutrophil_count,hpp_curated_panel,GBDT,0.04874710243850222,0.03406219854053516,0.014684903897967061,10.0,test,687
cell-018,absolute_neutrophil_count,hpp_curated_panel,XGBoost,0.048159301765416496,0.03406219854053516,0.014097103224881335,11.0,test,687
cell-018,absolute_neutrophil_count,hpp_curated_panel,CatBoost,0.050719246934564866,0.03406219854053516,0.016657048394029705,9.0,test,687
cell-018,absolute_neutrophil_count,hpp_curated_panel,RealMLP,0.05428067150204041,0.03406219854053516,0.02021847296150525,8.0,test,687
cell-018,absolute_neutrophil_count,hpp_curated_panel,TabSwift,0.06461079677511528,0.03406219854053516,0.030548598234580115,4.0,test,687
cell-018,absolute_neutrophil_count,hpp_curated_panel,TabICL,0.06848575684660807,0.03406219854053516,0.03442355830607291,1.0,test,687
cell-018,absolute_neutrophil_count,hpp_curated_panel,TabDPT,0.06730879695539982,0.03406219854053516,0.03324659841486466,2.0,test,687
cell-018,absolute_neutrophil_count,hpp_curated_panel,TabPFN v2,0.06284415198922144,0.03406219854053516,0.02878195344868628,6.0,test,687
cell-018,absolute_neutrophil_count,hpp_curated_panel,TabFM,0.06306737155478714,0.03406219854053516,0.029005173014251984,5.0,test,687
cell-018,absolute_neutrophil_count,hpp_curated_panel,TabPFN 3.5,0.06487666174105544,0.03406219854053516,0.03081446320052028,3.0,test,687
cell-019,absolute_neutrophil_count,hpp_curated_panel,Ridge,0.05447459571374369,0.021991570557114315,0.032483025156629375,7.0,test,696
cell-019,absolute_neutrophil_count,hpp_curated_panel,GBDT,0.03902354430934274,0.021991570557114315,0.017031973752228424,11.0,test,696
cell-019,absolute_neutrophil_count,hpp_curated_panel,XGBoost,0.05405780940518434,0.021991570557114315,0.03206623884807003,8.0,test,696
cell-019,absolute_neutrophil_count,hpp_curated_panel,CatBoost,0.05290463302960302,0.021991570557114315,0.030913062472488706,9.0,test,696
cell-019,absolute_neutrophil_count,hpp_curated_panel,RealMLP,0.05183392169428913,0.021991570557114315,0.029842351137174816,10.0,test,696
cell-019,absolute_neutrophil_count,hpp_curated_panel,TabSwift,0.0613957860378368,0.021991570557114315,0.03940421548072248,6.0,test,696
cell-019,absolute_neutrophil_count,hpp_curated_panel,TabICL,0.06784384656052922,0.021991570557114315,0.045852276003414905,3.0,test,696
cell-019,absolute_neutrophil_count,hpp_curated_panel,TabDPT,0.06463966617564154,0.021991570557114315,0.042648095618527226,4.0,test,696
cell-019,absolute_neutrophil_count,hpp_curated_panel,TabPFN v2,0.06354738500407475,0.021991570557114315,0.04155581444696044,5.0,test,696
cell-019,absolute_neutrophil_count,hpp_curated_panel,TabFM,0.0774873421908494,0.021991570557114315,0.05549577163373509,1.0,test,696
cell-019,absolute_neutrophil_count,hpp_curated_panel,TabPFN 3.5,0.07240416397848315,0.021991570557114315,0.050412593421368834,2.0,test,696
cell-020,absolute_neutrophil_count,hpp_curated_panel,Ridge,0.03206290217762109,0.01711392186565952,0.014948980311961568,5.0,test,749
cell-020,absolute_neutrophil_count,hpp_curated_panel,GBDT,0.0284169307523795,0.01711392186565952,0.011303008886719978,8.0,test,749
cell-020,absolute_neutrophil_count,hpp_curated_panel,XGBoost,0.027876066659131338,0.01711392186565952,0.010762144793471817,9.0,test,749
cell-020,absolute_neutrophil_count,hpp_curated_panel,CatBoost,0.02339057918772658,0.01711392186565952,0.0062766573220670585,11.0,test,749
cell-020,absolute_neutrophil_count,hpp_curated_panel,RealMLP,0.027078426475438788,0.01711392186565952,0.009964504609779268,10.0,test,749
cell-020,absolute_neutrophil_count,hpp_curated_panel,TabSwift,0.03595748271831667,0.01711392186565952,0.01884356085265715,4.0,test,749
cell-020,absolute_neutrophil_count,hpp_curated_panel,TabICL,0.03167896692065841,0.01711392186565952,0.014565045054998893,7.0,test,749
cell-020,absolute_neutrophil_count,hpp_curated_panel,TabDPT,0.036909444380647805,0.01711392186565952,0.019795522514988284,2.0,test,749
cell-020,absolute_neutrophil_count,hpp_curated_panel,TabPFN v2,0.03607589495220842,0.01711392186565952,0.0189619730865489,3.0,test,749
cell-020,absolute_neutrophil_count,hpp_curated_panel,TabFM,0.03177315691650495,0.01711392186565952,0.014659235050845432,6.0,test,749
cell-020,absolute_neutrophil_count,hpp_curated_panel,TabPFN 3.5,0.037966233229206336,0.01711392186565952,0.020852311363546816,1.0,test,749
cell-021,albumin,hpp_curated_panel,Ridge,0.11590228410742154,0.09831524540101166,0.017587038706409874,8.0,test,402
cell-021,albumin,hpp_curated_panel,GBDT,0.11480211782800531,0.09831524540101166,0.01648687242699365,9.0,test,402
cell-021,albumin,hpp_curated_panel,XGBoost,0.10206163171785876,0.09831524540101166,0.0037463863168470946,11.0,test,402
cell-021,albumin,hpp_curated_panel,CatBoost,0.10712203604912762,0.09831524540101166,0.008806790648115959,10.0,test,402
cell-021,albumin,hpp_curated_panel,RealMLP,0.12490491156043848,0.09831524540101166,0.026589666159426817,7.0,test,402
cell-021,albumin,hpp_curated_panel,TabSwift,0.12715758606572325,0.09831524540101166,0.028842340664711585,4.0,test,402
cell-021,albumin,hpp_curated_panel,TabICL,0.12903972911912032,0.09831524540101166,0.030724483718108653,1.0,test,402
cell-021,albumin,hpp_curated_panel,TabDPT,0.12608046794315442,0.09831524540101166,0.027765222542142753,6.0,test,402
cell-021,albumin,hpp_curated_panel,TabPFN v2,0.1273154023790557,0.09831524540101166,0.029000156978044034,3.0,test,402
cell-021,albumin,hpp_curated_panel,TabFM,0.12781180387636737,0.09831524540101166,0.029496558475355705,2.0,test,402
cell-021,albumin,hpp_curated_panel,TabPFN 3.5,0.12667557043912203,0.09831524540101166,0.028360325038110368,5.0,test,402
cell-022,albumin,hpp_curated_panel,Ridge,0.1400611869524755,0.10106311197635853,0.03899807497611696,8.0,test,614
cell-022,albumin,hpp_curated_panel,GBDT,0.12695660218353977,0.10106311197635853,0.025893490207181236,9.0,test,614
cell-022,albumin,hpp_curated_panel,XGBoost,0.12375768080018057,0.10106311197635853,0.022694568823822037,10.0,test,614
cell-022,albumin,hpp_curated_panel,CatBoost,0.10501593900135486,0.10106311197635853,0.00395282702499633,11.0,test,614
cell-022,albumin,hpp_curated_panel,RealMLP,0.14597282679750057,0.10106311197635853,0.04490971482114203,5.0,test,614
cell-022,albumin,hpp_curated_panel,TabSwift,0.14347718929683462,0.10106311197635853,0.042414077320476085,6.0,test,614
cell-022,albumin,hpp_curated_panel,TabICL,0.16366665675841585,0.10106311197635853,0.06260354478205732,2.0,test,614
cell-022,albumin,hpp_curated_panel,TabDPT,0.16304193275626655,0.10106311197635853,0.06197882077990802,3.0,test,614
cell-022,albumin,hpp_curated_panel,TabPFN v2,0.1408830888855701,0.10106311197635853,0.039819976909211574,7.0,test,614
cell-022,albumin,hpp_curated_panel,TabFM,0.15803054640278746,0.10106311197635853,0.05696743442642893,4.0,test,614
cell-022,albumin,hpp_curated_panel,TabPFN 3.5,0.1717231254481988,0.10106311197635853,0.07066001347184026,1.0,test,614
cell-023,alt,hpp_curated_panel,Ridge,0.16783532973796922,0.15558145425451253,0.012253875483456689,8.0,test,570
cell-023,alt,hpp_curated_panel,GBDT,0.14442211656502735,0.15558145425451253,-0.011159337689485183,11.0,test,570
cell-023,alt,hpp_curated_panel,XGBoost,0.16553209971504557,0.15558145425451253,0.009950645460533036,9.0,test,570
cell-023,alt,hpp_curated_panel,CatBoost,0.16284337347354128,0.15558145425451253,0.007261919219028745,10.0,test,570
cell-023,alt,hpp_curated_panel,RealMLP,0.17344422433883622,0.15558145425451253,0.017862770084323687,4.0,test,570
cell-023,alt,hpp_curated_panel,TabSwift,0.17728769630202013,0.15558145425451253,0.021706242047507596,3.0,test,570
cell-023,alt,hpp_curated_panel,TabICL,0.16883893210701817,0.15558145425451253,0.01325747785250564,7.0,test,570
cell-023,alt,hpp_curated_panel,TabDPT,0.1731119383170011,0.15558145425451253,0.017530484062488583,5.0,test,570
cell-023,alt,hpp_curated_panel,TabPFN v2,0.17874880253856373,0.15558145425451253,0.023167348284051203,2.0,test,570
cell-023,alt,hpp_curated_panel,TabFM,0.16980869136459065,0.15558145425451253,0.014227237110078117,6.0,test,570
cell-023,alt,hpp_curated_panel,TabPFN 3.5,0.18024729967747755,0.15558145425451253,0.024665845422965016,1.0,test,570
cell-024,alt,hpp_curated_panel,Ridge,0.18593760530410341,0.16542277840115527,0.020514826902948147,11.0,test,831
cell-024,alt,hpp_curated_panel,GBDT,0.1926358052641639,0.16542277840115527,0.027213026863008638,9.0,test,831
cell-024,alt,hpp_curated_panel,XGBoost,0.18611424379292352,0.16542277840115527,0.02069146539176825,10.0,test,831
cell-024,alt,hpp_curated_panel,CatBoost,0.19721148915526066,0.16542277840115527,0.03178871075410539,7.0,test,831
cell-024,alt,hpp_curated_panel,RealMLP,0.2072354478726509,0.16542277840115527,0.041812669471495645,3.0,test,831
cell-024,alt,hpp_curated_panel,TabSwift,0.20010290107134132,0.16542277840115527,0.03468012267018605,6.0,test,831
cell-024,alt,hpp_curated_panel,TabICL,0.19432516905851605,0.16542277840115527,0.028902390657360777,8.0,test,831
cell-024,alt,hpp_curated_panel,TabDPT,0.21098075833715157,0.16542277840115527,0.04555797993599631,1.0,test,831
cell-024,alt,hpp_curated_panel,TabPFN v2,0.20749400345559776,0.16542277840115527,0.042071225054442496,2.0,test,831
cell-024,alt,hpp_curated_panel,TabFM,0.206792411773825,0.16542277840115527,0.041369633372669745,4.0,test,831
cell-024,alt,hpp_curated_panel,TabPFN 3.5,0.2048494296131026,0.16542277840115527,0.03942665121194733,5.0,test,831
cell-025,apob,hpp_curated_panel,Ridge,0.01919064206582044,0.01654368194802114,0.002646960117799302,11.0,test,1006
cell-025,apob,hpp_curated_panel,GBDT,0.03609865227214415,0.01654368194802114,0.01955497032412301,10.0,test,1006
cell-025,apob,hpp_curated_panel,XGBoost,0.04256343968294152,0.01654368194802114,0.02601975773492038,9.0,test,1006
cell-025,apob,hpp_curated_panel,CatBoost,0.04988754028609521,0.01654368194802114,0.03334385833807407,7.0,test,1006
cell-025,apob,hpp_curated_panel,RealMLP,0.04713723222187538,0.01654368194802114,0.030593550273854242,8.0,test,1006
cell-025,apob,hpp_curated_panel,TabSwift,0.05731913764512864,0.01654368194802114,0.0407754556971075,2.0,test,1006
cell-025,apob,hpp_curated_panel,TabICL,0.056492145868534904,0.01654368194802114,0.039948463920513766,3.0,test,1006
cell-025,apob,hpp_curated_panel,TabDPT,0.05185192861975518,0.01654368194802114,0.035308246671734045,5.0,test,1006
cell-025,apob,hpp_curated_panel,TabPFN v2,0.05139002695364325,0.01654368194802114,0.034846345005622115,6.0,test,1006
cell-025,apob,hpp_curated_panel,TabFM,0.05492815096229697,0.01654368194802114,0.038384469014275835,4.0,test,1006
cell-025,apob,hpp_curated_panel,TabPFN 3.5,0.05951644159831404,0.01654368194802114,0.0429727596502929,1.0,test,1006
cell-026,apob,cgm_iglu,Ridge,0.054930486060474015,0.021492244668156246,0.03343824139231777,11.0,test,1400
cell-026,apob,cgm_iglu,GBDT,0.0829413809390036,0.021492244668156246,0.06144913627084736,9.0,test,1400
cell-026,apob,cgm_iglu,XGBoost,0.07959395762843013,0.021492244668156246,0.05810171296027389,10.0,test,1400
cell-026,apob,cgm_iglu,CatBoost,0.09141167093226443,0.021492244668156246,0.06991942626410819,6.0,test,1400
cell-026,apob,cgm_iglu,RealMLP,0.10309236095105989,0.021492244668156246,0.08160011628290365,3.0,test,1400
cell-026,apob,cgm_iglu,TabSwift,0.08842108320806064,0.021492244668156246,0.06692883853990439,7.0,test,1400
cell-026,apob,cgm_iglu,TabICL,0.08542731151843175,0.021492244668156246,0.0639350668502755,8.0,test,1400
cell-026,apob,cgm_iglu,TabDPT,0.09936257516366043,0.021492244668156246,0.07787033049550418,5.0,test,1400
cell-026,apob,cgm_iglu,TabPFN v2,0.10203642911226007,0.021492244668156246,0.08054418444410383,4.0,test,1400
cell-026,apob,cgm_iglu,TabFM,0.11028968266365491,0.021492244668156246,0.08879743799549866,1.0,test,1400
cell-026,apob,cgm_iglu,TabPFN 3.5,0.10763326709536314,0.021492244668156246,0.08614102242720689,2.0,test,1400
cell-027,cgm_coefficient_of_variation,hpp_curated_panel,Ridge,0.032640693194631254,0.020060940853062315,0.01257975234156894,10.0,test,1171
cell-027,cgm_coefficient_of_variation,hpp_curated_panel,GBDT,0.03726308295685288,0.020060940853062315,0.017202142103790563,7.0,test,1171
cell-027,cgm_coefficient_of_variation,hpp_curated_panel,XGBoost,0.037469936782132174,0.020060940853062315,0.01740899592906986,6.0,test,1171
cell-027,cgm_coefficient_of_variation,hpp_curated_panel,CatBoost,0.031192555631657126,0.020060940853062315,0.011131614778594812,11.0,test,1171
cell-027,cgm_coefficient_of_variation,hpp_curated_panel,RealMLP,0.04218896124510452,0.020060940853062315,0.022128020392042203,1.0,test,1171
cell-027,cgm_coefficient_of_variation,hpp_curated_panel,TabSwift,0.03517829202956135,0.020060940853062315,0.015117351176499039,9.0,test,1171
cell-027,cgm_coefficient_of_variation,hpp_curated_panel,TabICL,0.038022616576974366,0.020060940853062315,0.01796167572391205,5.0,test,1171
cell-027,cgm_coefficient_of_variation,hpp_curated_panel,TabDPT,0.041044577034992535,0.020060940853062315,0.02098363618193022,2.0,test,1171
cell-027,cgm_coefficient_of_variation,hpp_curated_panel,TabPFN v2,0.03804866277768837,0.020060940853062315,0.017987721924626054,4.0,test,1171
cell-027,cgm_coefficient_of_variation,hpp_curated_panel,TabFM,0.04009126975903676,0.020060940853062315,0.020030328905974448,3.0,test,1171
cell-027,cgm_coefficient_of_variation,hpp_curated_panel,TabPFN 3.5,0.0370244425567019,0.020060940853062315,0.016963501703639583,8.0,test,1171
cell-028,cgm_coefficient_of_variation,hpp_curated_panel,Ridge,0.058483211835557936,0.01961329706117043,0.038869914774387504,8.0,test,1385
cell-028,cgm_coefficient_of_variation,hpp_curated_panel,GBDT,0.051704286602450966,0.01961329706117043,0.032090989541280535,10.0,test,1385
cell-028,cgm_coefficient_of_variation,hpp_curated_panel,XGBoost,0.04905826413629688,0.01961329706117043,0.02944496707512645,11.0,test,1385
cell-028,cgm_coefficient_of_variation,hpp_curated_panel,CatBoost,0.05587130153298003,0.01961329706117043,0.0362580044718096,9.0,test,1385
cell-028,cgm_coefficient_of_variation,hpp_curated_panel,RealMLP,0.0641798823825378,0.01961329706117043,0.04456658532136737,7.0,test,1385
cell-028,cgm_coefficient_of_variation,hpp_curated_panel,TabSwift,0.06488726598283145,0.01961329706117043,0.04527396892166102,5.0,test,1385
cell-028,cgm_coefficient_of_variation,hpp_curated_panel,TabICL,0.07052028812622946,0.01961329706117043,0.050906991065059026,3.0,test,1385
cell-028,cgm_coefficient_of_variation,hpp_curated_panel,TabDPT,0.07230613007285669,0.01961329706117043,0.05269283301168626,2.0,test,1385
cell-028,cgm_coefficient_of_variation,hpp_curated_panel,TabPFN v2,0.06467915916469624,0.01961329706117043,0.04506586210352581,6.0,test,1385
cell-028,cgm_coefficient_of_variation,hpp_curated_panel,TabFM,0.07051809287161903,0.01961329706117043,0.0509047958104486,4.0,test,1385
cell-028,cgm_coefficient_of_variation,hpp_curated_panel,TabPFN 3.5,0.07695420524586793,0.01961329706117043,0.0573409081846975,1.0,test,1385
cell-029,cgm_mean_glucose,hpp_curated_panel,Ridge,0.07626852217282887,0.051201972556542574,0.025066549616286293,6.0,test,1171
cell-029,cgm_mean_glucose,hpp_curated_panel,GBDT,0.06615365443718724,0.051201972556542574,0.014951681880644663,9.0,test,1171
cell-029,cgm_mean_glucose,hpp_curated_panel,XGBoost,0.05581973614202229,0.051201972556542574,0.004617763585479717,11.0,test,1171
cell-029,cgm_mean_glucose,hpp_curated_panel,CatBoost,0.06497375479011258,0.051201972556542574,0.013771782233570007,10.0,test,1171
cell-029,cgm_mean_glucose,hpp_curated_panel,RealMLP,0.07096706328164204,0.051201972556542574,0.019765090725099466,8.0,test,1171
cell-029,cgm_mean_glucose,hpp_curated_panel,TabSwift,0.08149596768247469,0.051201972556542574,0.030293995125932116,4.0,test,1171
cell-029,cgm_mean_glucose,hpp_curated_panel,TabICL,0.08141706353701061,0.051201972556542574,0.03021509098046804,5.0,test,1171
cell-029,cgm_mean_glucose,hpp_curated_panel,TabDPT,0.08366387024040078,0.051201972556542574,0.03246189768385821,2.0,test,1171
cell-029,cgm_mean_glucose,hpp_curated_panel,TabPFN v2,0.07581053080536626,0.051201972556542574,0.024608558248823686,7.0,test,1171
cell-029,cgm_mean_glucose,hpp_curated_panel,TabFM,0.0860151675873122,0.051201972556542574,0.03481319503076963,1.0,test,1171
cell-029,cgm_mean_glucose,hpp_curated_panel,TabPFN 3.5,0.08176284003014744,0.051201972556542574,0.03056086747360487,3.0,test,1171
cell-030,cgm_mean_glucose,hpp_curated_panel,Ridge,0.13360040925660677,0.04857365383117729,0.08502675542542948,7.0,test,1385
cell-030,cgm_mean_glucose,hpp_curated_panel,GBDT,0.11945023249749598,0.04857365383117729,0.07087657866631869,10.0,test,1385
cell-030,cgm_mean_glucose,hpp_curated_panel,XGBoost,0.11059117389509987,0.04857365383117729,0.06201752006392258,11.0,test,1385
cell-030,cgm_mean_glucose,hpp_curated_panel,CatBoost,0.1246247277297069,0.04857365383117729,0.07605107389852961,8.0,test,1385
cell-030,cgm_mean_glucose,hpp_curated_panel,RealMLP,0.1215773931542996,0.04857365383117729,0.07300373932312232,9.0,test,1385
cell-030,cgm_mean_glucose,hpp_curated_panel,TabSwift,0.15819026128215363,0.04857365383117729,0.10961660745097634,5.0,test,1385
cell-030,cgm_mean_glucose,hpp_curated_panel,TabICL,0.16384803556115612,0.04857365383117729,0.11527438172997884,3.0,test,1385
cell-030,cgm_mean_glucose,hpp_curated_panel,TabDPT,0.16587232093303017,0.04857365383117729,0.11729866710185288,2.0,test,1385
cell-030,cgm_mean_glucose,hpp_curated_panel,TabPFN v2,0.1574945604222564,0.04857365383117729,0.10892090659107911,6.0,test,1385
cell-030,cgm_mean_glucose,hpp_curated_panel,TabFM,0.15890028980220228,0.04857365383117729,0.11032663597102499,4.0,test,1385
cell-030,cgm_mean_glucose,hpp_curated_panel,TabPFN 3.5,0.17114951458429783,0.04857365383117729,0.12257586075312055,1.0,test,1385
cell-031,cgm_time_in_range_70_180,hpp_curated_panel,Ridge,0.010336094087284753,0.009342025076767402,0.000994069010517351,7.0,test,1171
cell-031,cgm_time_in_range_70_180,hpp_curated_panel,GBDT,0.011367480706167665,0.009342025076767402,0.0020254556294002635,6.0,test,1171
cell-031,cgm_time_in_range_70_180,hpp_curated_panel,XGBoost,0.00205441347488855,0.009342025076767402,-0.007287611601878852,8.0,test,1171
cell-031,cgm_time_in_range_70_180,hpp_curated_panel,CatBoost,0.015283119253683974,0.009342025076767402,0.005941094176916573,3.0,test,1171
cell-031,cgm_time_in_range_70_180,hpp_curated_panel,RealMLP,0.011516070400409473,0.009342025076767402,0.002174045323642071,5.0,test,1171
cell-031,cgm_time_in_range_70_180,hpp_curated_panel,TabSwift,-0.02741240540174661,0.009342025076767402,-0.03675443047851401,10.0,test,1171
cell-031,cgm_time_in_range_70_180,hpp_curated_panel,TabICL,0.017866493969268427,0.009342025076767402,0.008524468892501025,2.0,test,1171
cell-031,cgm_time_in_range_70_180,hpp_curated_panel,TabDPT,0.01803920924600133,0.009342025076767402,0.008697184169233929,1.0,test,1171
cell-031,cgm_time_in_range_70_180,hpp_curated_panel,TabPFN v2,-0.04659419316659119,0.009342025076767402,-0.05593621824335859,11.0,test,1171
cell-031,cgm_time_in_range_70_180,hpp_curated_panel,TabFM,0.01452940487966925,0.009342025076767402,0.005187379802901848,4.0,test,1171
cell-031,cgm_time_in_range_70_180,hpp_curated_panel,TabPFN 3.5,-0.004398227390892018,0.009342025076767402,-0.01374025246765942,9.0,test,1171
cell-032,cgm_time_in_range_70_180,hpp_curated_panel,Ridge,0.049133715806874645,0.011020271583736085,0.03811344422313856,8.0,test,1385
cell-032,cgm_time_in_range_70_180,hpp_curated_panel,GBDT,0.04014537959864961,0.011020271583736085,0.029125108014913526,10.0,test,1385
cell-032,cgm_time_in_range_70_180,hpp_curated_panel,XGBoost,0.04226454801241497,0.011020271583736085,0.031244276428678885,9.0,test,1385
cell-032,cgm_time_in_range_70_180,hpp_curated_panel,CatBoost,0.052547662697955855,0.011020271583736085,0.04152739111421977,7.0,test,1385
cell-032,cgm_time_in_range_70_180,hpp_curated_panel,RealMLP,0.06023582275858452,0.011020271583736085,0.04921555117484844,6.0,test,1385
cell-032,cgm_time_in_range_70_180,hpp_curated_panel,TabSwift,0.06389045417049055,0.011020271583736085,0.052870182586754466,5.0,test,1385
cell-032,cgm_time_in_range_70_180,hpp_curated_panel,TabICL,0.08733248239538816,0.011020271583736085,0.07631221081165207,2.0,test,1385
cell-032,cgm_time_in_range_70_180,hpp_curated_panel,TabDPT,0.08271749550772345,0.011020271583736085,0.07169722392398736,3.0,test,1385
cell-032,cgm_time_in_range_70_180,hpp_curated_panel,TabPFN v2,0.038627419185254586,0.011020271583736085,0.0276071476015185,11.0,test,1385
cell-032,cgm_time_in_range_70_180,hpp_curated_panel,TabFM,0.08879866417789617,0.011020271583736085,0.07777839259416008,1.0,test,1385
cell-032,cgm_time_in_range_70_180,hpp_curated_panel,TabPFN 3.5,0.07951670960728774,0.011020271583736085,0.06849643802355165,4.0,test,1385
cell-033,cimt,hpp_curated_panel,Ridge,0.2698511665067078,0.27129289468923945,-0.001441728182531632,7.0,test,1057
cell-033,cimt,hpp_curated_panel,GBDT,0.2716609738907937,0.27129289468923945,0.0003680792015542389,5.0,test,1057
cell-033,cimt,hpp_curated_panel,XGBoost,0.2724927061806073,0.27129289468923945,0.0011998114913678304,3.0,test,1057
cell-033,cimt,hpp_curated_panel,CatBoost,0.272441462876156,0.27129289468923945,0.0011485681869165543,4.0,test,1057
cell-033,cimt,hpp_curated_panel,RealMLP,0.2746105421514211,0.27129289468923945,0.003317647462181661,1.0,test,1057
cell-033,cimt,hpp_curated_panel,TabSwift,0.26477639591298674,0.27129289468923945,-0.0065164987762527105,10.0,test,1057
cell-033,cimt,hpp_curated_panel,TabICL,0.2647569785886431,0.27129289468923945,-0.0065359161005963395,11.0,test,1057
cell-033,cimt,hpp_curated_panel,TabDPT,0.2674290548889747,0.27129289468923945,-0.0038638398002647234,9.0,test,1057
cell-033,cimt,hpp_curated_panel,TabPFN v2,0.272614481328309,0.27129289468923945,0.0013215866390695608,2.0,test,1057
cell-033,cimt,hpp_curated_panel,TabFM,0.2699997739318215,0.27129289468923945,-0.0012931207574179426,6.0,test,1057
cell-033,cimt,hpp_curated_panel,TabPFN 3.5,0.2680215394155331,0.27129289468923945,-0.0032713552737063667,8.0,test,1057
cell-034,cimt,fundus_automorph_features,Ridge,0.29938135775753727,0.2947804284358111,0.004600929321726177,11.0,test,1123
cell-034,cimt,fundus_automorph_features,GBDT,0.3050129355031749,0.2947804284358111,0.010232507067363783,2.0,test,1123
cell-034,cimt,fundus_automorph_features,XGBoost,0.3032989285743627,0.2947804284358111,0.008518500138551599,4.0,test,1123
cell-034,cimt,fundus_automorph_features,CatBoost,0.3085852006615024,0.2947804284358111,0.01380477222569132,1.0,test,1123
cell-034,cimt,fundus_automorph_features,RealMLP,0.29969211365787995,0.2947804284358111,0.004911685222068862,10.0,test,1123
cell-034,cimt,fundus_automorph_features,TabSwift,0.30308649610109395,0.2947804284358111,0.008306067665282857,5.0,test,1123
cell-034,cimt,fundus_automorph_features,TabICL,0.3006399190579132,0.2947804284358111,0.005859490622102115,9.0,test,1123
cell-034,cimt,fundus_automorph_features,TabDPT,0.30237574612720275,0.2947804284358111,0.0075953176913916565,6.0,test,1123
cell-034,cimt,fundus_automorph_features,TabPFN v2,0.3047354351558703,0.2947804284358111,0.009955006720059223,3.0,test,1123
cell-034,cimt,fundus_automorph_features,TabFM,0.30112619188336465,0.2947804284358111,0.006345763447553554,8.0,test,1123
cell-034,cimt,fundus_automorph_features,TabPFN 3.5,0.3016511426052836,0.2947804284358111,0.006870714169472492,7.0,test,1123
cell-035,dbp,hpp_curated_panel,Ridge,0.20808430401555067,0.17750438956526293,0.030579914450287737,11.0,test,1425
cell-035,dbp,hpp_curated_panel,GBDT,0.22082127699687504,0.17750438956526293,0.043316887431612106,8.0,test,1425
cell-035,dbp,hpp_curated_panel,XGBoost,0.22022459901269964,0.17750438956526293,0.04272020944743671,10.0,test,1425
cell-035,dbp,hpp_curated_panel,CatBoost,0.2207069891764597,0.17750438956526293,0.04320259961119677,9.0,test,1425
cell-035,dbp,hpp_curated_panel,RealMLP,0.23041578466816237,0.17750438956526293,0.05291139510289944,6.0,test,1425
cell-035,dbp,hpp_curated_panel,TabSwift,0.23667727214019274,0.17750438956526293,0.05917288257492981,2.0,test,1425
cell-035,dbp,hpp_curated_panel,TabICL,0.23597316368992127,0.17750438956526293,0.05846877412465834,3.0,test,1425
cell-035,dbp,hpp_curated_panel,TabDPT,0.23448025109149973,0.17750438956526293,0.05697586152623679,4.0,test,1425
cell-035,dbp,hpp_curated_panel,TabPFN v2,0.23036434905468062,0.17750438956526293,0.052859959489417685,7.0,test,1425
cell-035,dbp,hpp_curated_panel,TabFM,0.2334013903513159,0.17750438956526293,0.055897000786052975,5.0,test,1425
cell-035,dbp,hpp_curated_panel,TabPFN 3.5,0.23911535237618753,0.17750438956526293,0.0616109628109246,1.0,test,1425
cell-036,dbp,fundus_automorph_features,Ridge,0.3151901370620226,0.2304269873124728,0.0847631497495498,9.0,test,1192
cell-036,dbp,fundus_automorph_features,GBDT,0.30667636949056265,0.2304269873124728,0.07624938217808985,11.0,test,1192
cell-036,dbp,fundus_automorph_features,XGBoost,0.3107279228489719,0.2304269873124728,0.08030093553649909,10.0,test,1192
cell-036,dbp,fundus_automorph_features,CatBoost,0.32125136698006196,0.2304269873124728,0.09082437966758916,8.0,test,1192
cell-036,dbp,fundus_automorph_features,RealMLP,0.3329009364256258,0.2304269873124728,0.102473949113153,2.0,test,1192
cell-036,dbp,fundus_automorph_features,TabSwift,0.33211395076190586,0.2304269873124728,0.10168696344943307,6.0,test,1192
cell-036,dbp,fundus_automorph_features,TabICL,0.33213767996853494,0.2304269873124728,0.10171069265606214,5.0,test,1192
cell-036,dbp,fundus_automorph_features,TabDPT,0.33234982439447414,0.2304269873124728,0.10192283708200134,3.0,test,1192
cell-036,dbp,fundus_automorph_features,TabPFN v2,0.3346714744938335,0.2304269873124728,0.1042444871813607,1.0,test,1192
cell-036,dbp,fundus_automorph_features,TabFM,0.3322815114390809,0.2304269873124728,0.10185452412660811,4.0,test,1192
cell-036,dbp,fundus_automorph_features,TabPFN 3.5,0.33042033038559726,0.2304269873124728,0.09999334307312446,7.0,test,1192
cell-037,dbp,hpp_curated_panel,Ridge,0.16505729632805155,0.13986457142496134,0.025192724903090213,4.0,test,656
cell-037,dbp,hpp_curated_panel,GBDT,0.14377025198813365,0.13986457142496134,0.003905680563172309,9.0,test,656
cell-037,dbp,hpp_curated_panel,XGBoost,0.14236231447073788,0.13986457142496134,0.002497743045776546,10.0,test,656
cell-037,dbp,hpp_curated_panel,CatBoost,0.14206189770748934,0.13986457142496134,0.0021973262825280004,11.0,test,656
cell-037,dbp,hpp_curated_panel,RealMLP,0.1649535867687476,0.13986457142496134,0.02508901534378627,5.0,test,656
cell-037,dbp,hpp_curated_panel,TabSwift,0.16782670393681987,0.13986457142496134,0.02796213251185853,1.0,test,656
cell-037,dbp,hpp_curated_panel,TabICL,0.1596323679408701,0.13986457142496134,0.019767796515908764,8.0,test,656
cell-037,dbp,hpp_curated_panel,TabDPT,0.1667007968319445,0.13986457142496134,0.02683622540698316,2.0,test,656
cell-037,dbp,hpp_curated_panel,TabPFN v2,0.15997780488004654,0.13986457142496134,0.0201132334550852,7.0,test,656
cell-037,dbp,hpp_curated_panel,TabFM,0.16174271203265222,0.13986457142496134,0.021878140607690888,6.0,test,656
cell-037,dbp,hpp_curated_panel,TabPFN 3.5,0.1652357496865715,0.13986457142496134,0.025371178261610172,3.0,test,656
cell-038,dbp,fundus_automorph_features,Ridge,0.2838140954773306,0.19831305899245433,0.08550103648487628,2.0,test,460
cell-038,dbp,fundus_automorph_features,GBDT,0.25755466674392247,0.19831305899245433,0.05924160775146814,10.0,test,460
cell-038,dbp,fundus_automorph_features,XGBoost,0.24412938981638577,0.19831305899245433,0.04581633082393144,11.0,test,460
cell-038,dbp,fundus_automorph_features,CatBoost,0.2604553088020263,0.19831305899245433,0.06214224980957195,9.0,test,460
cell-038,dbp,fundus_automorph_features,RealMLP,0.2738041036110811,0.19831305899245433,0.07549104461862677,8.0,test,460
cell-038,dbp,fundus_automorph_features,TabSwift,0.280288417307167,0.19831305899245433,0.0819753583147127,4.0,test,460
cell-038,dbp,fundus_automorph_features,TabICL,0.2805244019446326,0.19831305899245433,0.08221134295217825,3.0,test,460
cell-038,dbp,fundus_automorph_features,TabDPT,0.27538101761587863,0.19831305899245433,0.0770679586234243,7.0,test,460
cell-038,dbp,fundus_automorph_features,TabPFN v2,0.27919240466343287,0.19831305899245433,0.08087934567097854,5.0,test,460
cell-038,dbp,fundus_automorph_features,TabFM,0.28398021760167436,0.19831305899245433,0.08566715860922003,1.0,test,460
cell-038,dbp,fundus_automorph_features,TabPFN 3.5,0.27675712445312195,0.19831305899245433,0.07844406546066762,6.0,test,460
cell-039,ferritin,hpp_curated_panel,Ridge,0.14525642592309052,0.13515364094185112,0.010102784981239399,9.0,test,334
cell-039,ferritin,hpp_curated_panel,GBDT,0.13664512476805524,0.13515364094185112,0.0014914838262041208,11.0,test,334
cell-039,ferritin,hpp_curated_panel,XGBoost,0.16072387319707038,0.13515364094185112,0.02557023225521926,2.0,test,334
cell-039,ferritin,hpp_curated_panel,CatBoost,0.14820540040230135,0.13515364094185112,0.01305175946045023,8.0,test,334
cell-039,ferritin,hpp_curated_panel,RealMLP,0.1415563367795447,0.13515364094185112,0.006402695837693595,10.0,test,334
cell-039,ferritin,hpp_curated_panel,TabSwift,0.1550021257613109,0.13515364094185112,0.019848484819459777,6.0,test,334
cell-039,ferritin,hpp_curated_panel,TabICL,0.1657788010802237,0.13515364094185112,0.030625160138372576,1.0,test,334
cell-039,ferritin,hpp_curated_panel,TabDPT,0.1603503944676855,0.13515364094185112,0.025196753525834392,3.0,test,334
cell-039,ferritin,hpp_curated_panel,TabPFN v2,0.16032956720587255,0.13515364094185112,0.02517592626402143,4.0,test,334
cell-039,ferritin,hpp_curated_panel,TabFM,0.15192098128457832,0.13515364094185112,0.0167673403427272,7.0,test,334
cell-039,ferritin,hpp_curated_panel,TabPFN 3.5,0.1591142676676658,0.13515364094185112,0.02396062672581467,5.0,test,334
cell-040,ferritin,hpp_curated_panel,Ridge,0.17005142352681013,0.15323007504809683,0.016821348478713305,11.0,test,512
cell-040,ferritin,hpp_curated_panel,GBDT,0.2062967561130301,0.15323007504809683,0.053066681064933285,2.0,test,512
cell-040,ferritin,hpp_curated_panel,XGBoost,0.18157999443217998,0.15323007504809683,0.028349919384083155,10.0,test,512
cell-040,ferritin,hpp_curated_panel,CatBoost,0.18811060232457733,0.15323007504809683,0.0348805272764805,9.0,test,512
cell-040,ferritin,hpp_curated_panel,RealMLP,0.1935800782534295,0.15323007504809683,0.04035000320533266,8.0,test,512
cell-040,ferritin,hpp_curated_panel,TabSwift,0.1990105053218706,0.15323007504809683,0.045780430273773765,5.0,test,512
cell-040,ferritin,hpp_curated_panel,TabICL,0.1950688864674629,0.15323007504809683,0.04183881141936607,7.0,test,512
cell-040,ferritin,hpp_curated_panel,TabDPT,0.20392344984457533,0.15323007504809683,0.05069337479647851,4.0,test,512
cell-040,ferritin,hpp_curated_panel,TabPFN v2,0.19581338900639456,0.15323007504809683,0.04258331395829773,6.0,test,512
cell-040,ferritin,hpp_curated_panel,TabFM,0.20648524353715936,0.15323007504809683,0.05325516848906253,1.0,test,512
cell-040,ferritin,hpp_curated_panel,TabPFN 3.5,0.2052327591250741,0.15323007504809683,0.05200268407697728,3.0,test,512
cell-041,fib3,hpp_curated_panel,Ridge,0.11697764652291642,0.080076054426796,0.03690159209612043,4.0,test,656
cell-041,fib3,hpp_curated_panel,GBDT,0.07744434073343909,0.080076054426796,-0.0026317136933569074,9.0,test,656
cell-041,fib3,hpp_curated_panel,XGBoost,0.07353225806309216,0.080076054426796,-0.0065437963637038354,11.0,test,656
cell-041,fib3,hpp_curated_panel,CatBoost,0.07652631085011563,0.080076054426796,-0.0035497435766803642,10.0,test,656
cell-041,fib3,hpp_curated_panel,RealMLP,0.10107759246168957,0.080076054426796,0.021001538034893574,8.0,test,656
cell-041,fib3,hpp_curated_panel,TabSwift,0.12336859649430665,0.080076054426796,0.04329254206751065,1.0,test,656
cell-041,fib3,hpp_curated_panel,TabICL,0.11900019912600668,0.080076054426796,0.03892414469921068,3.0,test,656
cell-041,fib3,hpp_curated_panel,TabDPT,0.11525911203448702,0.080076054426796,0.035183057607691026,6.0,test,656
cell-041,fib3,hpp_curated_panel,TabPFN v2,0.11064050573654549,0.080076054426796,0.030564451309749496,7.0,test,656
cell-041,fib3,hpp_curated_panel,TabFM,0.11690737657995176,0.080076054426796,0.036831322153155766,5.0,test,656
cell-041,fib3,hpp_curated_panel,TabPFN 3.5,0.1215634195297366,0.080076054426796,0.0414873651029406,2.0,test,656
cell-042,fib3,hpp_curated_panel,Ridge,0.10364421698211324,0.07075942354842468,0.03288479343368855,3.0,test,443
cell-042,fib3,hpp_curated_panel,GBDT,0.0766937305268951,0.07075942354842468,0.005934306978470416,11.0,test,443
cell-042,fib3,hpp_curated_panel,XGBoost,0.08164428958747427,0.07075942354842468,0.01088486603904959,10.0,test,443
cell-042,fib3,hpp_curated_panel,CatBoost,0.0869244789301089,0.07075942354842468,0.016165055381684224,9.0,test,443
cell-042,fib3,hpp_curated_panel,RealMLP,0.09330588981089538,0.07075942354842468,0.0225464662624707,7.0,test,443
cell-042,fib3,hpp_curated_panel,TabSwift,0.10488235323193718,0.07075942354842468,0.03412292968351249,1.0,test,443
cell-042,fib3,hpp_curated_panel,TabICL,0.09402651837574794,0.07075942354842468,0.023267094827323254,6.0,test,443
cell-042,fib3,hpp_curated_panel,TabDPT,0.09800205342808277,0.07075942354842468,0.027242629879658087,5.0,test,443
cell-042,fib3,hpp_curated_panel,TabPFN v2,0.1006336908177543,0.07075942354842468,0.029874267269329624,4.0,test,443
cell-042,fib3,hpp_curated_panel,TabFM,0.09268293041866238,0.07075942354842468,0.021923506870237697,8.0,test,443
cell-042,fib3,hpp_curated_panel,TabPFN 3.5,0.1038021061381893,0.07075942354842468,0.033042682589764616,2.0,test,443
cell-043,fib4,hpp_curated_panel,Ridge,0.0800693781887093,0.01587884638643422,0.06419053180227507,6.0,test,656
cell-043,fib4,hpp_curated_panel,GBDT,0.046074573699986354,0.01587884638643422,0.030195727313552134,9.0,test,656
cell-043,fib4,hpp_curated_panel,XGBoost,0.02816368788469148,0.01587884638643422,0.01228484149825726,11.0,test,656
cell-043,fib4,hpp_curated_panel,CatBoost,0.041400950253383084,0.01587884638643422,0.025522103866948864,10.0,test,656
cell-043,fib4,hpp_curated_panel,RealMLP,0.0727023831973983,0.01587884638643422,0.05682353681096408,8.0,test,656
cell-043,fib4,hpp_curated_panel,TabSwift,0.09432159108256644,0.01587884638643422,0.07844274469613222,3.0,test,656
cell-043,fib4,hpp_curated_panel,TabICL,0.0941389840028658,0.01587884638643422,0.07826013761643158,4.0,test,656
cell-043,fib4,hpp_curated_panel,TabDPT,0.09524267740824865,0.01587884638643422,0.07936383102181443,2.0,test,656
cell-043,fib4,hpp_curated_panel,TabPFN v2,0.07960389277738156,0.01587884638643422,0.06372504639094734,7.0,test,656
cell-043,fib4,hpp_curated_panel,TabFM,0.09115647832809692,0.01587884638643422,0.0752776319416627,5.0,test,656
cell-043,fib4,hpp_curated_panel,TabPFN 3.5,0.09879600186009041,0.01587884638643422,0.08291715547365619,1.0,test,656
cell-044,fib4,hpp_curated_panel,Ridge,0.011914174375153852,0.01025310774376964,0.0016610666313842115,5.0,test,443
cell-044,fib4,hpp_curated_panel,GBDT,0.005972121177195144,0.01025310774376964,-0.004280986566574496,10.0,test,443
cell-044,fib4,hpp_curated_panel,XGBoost,0.01213936567661622,0.01025310774376964,0.00188625793284658,4.0,test,443
cell-044,fib4,hpp_curated_panel,CatBoost,0.009666191072069785,0.01025310774376964,-0.0005869166716998553,7.0,test,443
cell-044,fib4,hpp_curated_panel,RealMLP,0.0018935252449072681,0.01025310774376964,-0.008359582498862372,11.0,test,443
cell-044,fib4,hpp_curated_panel,TabSwift,0.011287475338865316,0.01025310774376964,0.0010343675950956754,6.0,test,443
cell-044,fib4,hpp_curated_panel,TabICL,0.007583482956681209,0.01025310774376964,-0.0026696247870884315,9.0,test,443
cell-044,fib4,hpp_curated_panel,TabDPT,0.013284650017823862,0.01025310774376964,0.003031542274054222,3.0,test,443
cell-044,fib4,hpp_curated_panel,TabPFN v2,0.014175722962065929,0.01025310774376964,0.003922615218296288,2.0,test,443
cell-044,fib4,hpp_curated_panel,TabFM,0.008666437687399609,0.01025310774376964,-0.001586670056370032,8.0,test,443
cell-044,fib4,hpp_curated_panel,TabPFN 3.5,0.014646258891628072,0.01025310774376964,0.004393151147858432,1.0,test,443
cell-045,fli,hpp_curated_panel,Ridge,0.4291958524810172,0.09377377442076829,0.33542207806024893,5.0,test,269
cell-045,fli,hpp_curated_panel,GBDT,0.3791400490104966,0.09377377442076829,0.2853662745897283,11.0,test,269
cell-045,fli,hpp_curated_panel,XGBoost,0.38243510382642376,0.09377377442076829,0.2886613294056555,10.0,test,269
cell-045,fli,hpp_curated_panel,CatBoost,0.39157832603650966,0.09377377442076829,0.2978045516157414,9.0,test,269
cell-045,fli,hpp_curated_panel,RealMLP,0.4151993775564906,0.09377377442076829,0.3214256031357223,7.0,test,269
cell-045,fli,hpp_curated_panel,TabSwift,0.42717348202595684,0.09377377442076829,0.33339970760518856,6.0,test,269
cell-045,fli,hpp_curated_panel,TabICL,0.4551512501219349,0.09377377442076829,0.36137747570116663,2.0,test,269
cell-045,fli,hpp_curated_panel,TabDPT,0.45152504924149717,0.09377377442076829,0.3577512748207289,4.0,test,269
cell-045,fli,hpp_curated_panel,TabPFN v2,0.4071832362496075,0.09377377442076829,0.3134094618288392,8.0,test,269
cell-045,fli,hpp_curated_panel,TabFM,0.45435563512107124,0.09377377442076829,0.36058186070030296,3.0,test,269
cell-045,fli,hpp_curated_panel,TabPFN 3.5,0.4633578981416683,0.09377377442076829,0.3695841237209,1.0,test,269
cell-046,fli,hpp_curated_panel,Ridge,0.7817136162953705,0.17026733847241893,0.6114462778229516,11.0,test,179
cell-046,fli,hpp_curated_panel,GBDT,0.7921792939550322,0.17026733847241893,0.6219119554826132,8.0,test,179
cell-046,fli,hpp_curated_panel,XGBoost,0.7914243922632778,0.17026733847241893,0.6211570537908588,9.0,test,179
cell-046,fli,hpp_curated_panel,CatBoost,0.7949040373251625,0.17026733847241893,0.6246366988527435,7.0,test,179
cell-046,fli,hpp_curated_panel,RealMLP,0.7913187376994939,0.17026733847241893,0.621051399227075,10.0,test,179
cell-046,fli,hpp_curated_panel,TabSwift,0.798988014057757,0.17026733847241893,0.6287206755853381,5.0,test,179
cell-046,fli,hpp_curated_panel,TabICL,0.8015240175312994,0.17026733847241893,0.6312566790588805,4.0,test,179
cell-046,fli,hpp_curated_panel,TabDPT,0.8032966285857673,0.17026733847241893,0.6330292901133484,2.0,test,179
cell-046,fli,hpp_curated_panel,TabPFN v2,0.8023417134003368,0.17026733847241893,0.6320743749279178,3.0,test,179
cell-046,fli,hpp_curated_panel,TabFM,0.8045460657821158,0.17026733847241893,0.6342787273096969,1.0,test,179
cell-046,fli,hpp_curated_panel,TabPFN 3.5,0.7979035950982005,0.17026733847241893,0.6276362566257816,6.0,test,179
cell-047,fpg,hpp_curated_panel,Ridge,0.14997452755559282,0.12251566654497237,0.02745886101062045,7.0,test,929
cell-047,fpg,hpp_curated_panel,GBDT,0.1203096579345948,0.12251566654497237,-0.0022060086103775634,10.0,test,929
cell-047,fpg,hpp_curated_panel,XGBoost,0.10995090904157334,0.12251566654497237,-0.012564757503399027,11.0,test,929
cell-047,fpg,hpp_curated_panel,CatBoost,0.12801668396766708,0.12251566654497237,0.0055010174226947095,9.0,test,929
cell-047,fpg,hpp_curated_panel,RealMLP,0.1612860501600949,0.12251566654497237,0.03877038361512253,2.0,test,929
cell-047,fpg,hpp_curated_panel,TabSwift,0.15153386442230654,0.12251566654497237,0.029018197877334173,5.0,test,929
cell-047,fpg,hpp_curated_panel,TabICL,0.14791625258162677,0.12251566654497237,0.025400586036654405,8.0,test,929
cell-047,fpg,hpp_curated_panel,TabDPT,0.15854507043102295,0.12251566654497237,0.03602940388605058,3.0,test,929
cell-047,fpg,hpp_curated_panel,TabPFN v2,0.15185603076908982,0.12251566654497237,0.029340364224117454,4.0,test,929
cell-047,fpg,hpp_curated_panel,TabFM,0.16708260066032066,0.12251566654497237,0.04456693411534829,1.0,test,929
cell-047,fpg,hpp_curated_panel,TabPFN 3.5,0.15089919351355696,0.12251566654497237,0.028383526968584594,6.0,test,929
cell-048,fpg,cgm_iglu,Ridge,0.28969640207393343,0.12022917914033293,0.1694672229336005,8.0,test,1029
cell-048,fpg,cgm_iglu,GBDT,0.25969749222682315,0.12022917914033293,0.13946831308649021,11.0,test,1029
cell-048,fpg,cgm_iglu,XGBoost,0.2793602687899851,0.12022917914033293,0.15913108964965217,9.0,test,1029
cell-048,fpg,cgm_iglu,CatBoost,0.2728519004686526,0.12022917914033293,0.15262272132831967,10.0,test,1029
cell-048,fpg,cgm_iglu,RealMLP,0.3221741210238118,0.12022917914033293,0.2019449418834789,3.0,test,1029
cell-048,fpg,cgm_iglu,TabSwift,0.3146853050976669,0.12022917914033293,0.19445612595733397,6.0,test,1029
cell-048,fpg,cgm_iglu,TabICL,0.3157325164469702,0.12022917914033293,0.19550333730663727,5.0,test,1029
cell-048,fpg,cgm_iglu,TabDPT,0.31911181213053186,0.12022917914033293,0.19888263299019893,4.0,test,1029
cell-048,fpg,cgm_iglu,TabPFN v2,0.2995431820361317,0.12022917914033293,0.1793140028957988,7.0,test,1029
cell-048,fpg,cgm_iglu,TabFM,0.3278826292662138,0.12022917914033293,0.20765345012588088,1.0,test,1029
cell-048,fpg,cgm_iglu,TabPFN 3.5,0.32299205879280934,0.12022917914033293,0.2027628796524764,2.0,test,1029
cell-049,fundus_artery_average_width,hpp_curated_panel,Ridge,0.11250066868397013,0.09850942424852971,0.01399124443544042,2.0,test,552
cell-049,fundus_artery_average_width,hpp_curated_panel,GBDT,0.1050623395974647,0.09850942424852971,0.0065529153489349845,8.0,test,552
cell-049,fundus_artery_average_width,hpp_curated_panel,XGBoost,0.0989965883258842,0.09850942424852971,0.00048716407735449607,11.0,test,552
cell-049,fundus_artery_average_width,hpp_curated_panel,CatBoost,0.10163508729634319,0.09850942424852971,0.003125663047813476,10.0,test,552
cell-049,fundus_artery_average_width,hpp_curated_panel,RealMLP,0.10728105900489582,0.09850942424852971,0.008771634756366109,7.0,test,552
cell-049,fundus_artery_average_width,hpp_curated_panel,TabSwift,0.11368154245103823,0.09850942424852971,0.015172118202508522,1.0,test,552
cell-049,fundus_artery_average_width,hpp_curated_panel,TabICL,0.10936681248556368,0.09850942424852971,0.010857388237033971,4.0,test,552
cell-049,fundus_artery_average_width,hpp_curated_panel,TabDPT,0.10897478455835008,0.09850942424852971,0.01046536030982037,5.0,test,552
cell-049,fundus_artery_average_width,hpp_curated_panel,TabPFN v2,0.10386237550950683,0.09850942424852971,0.0053529512609771235,9.0,test,552
cell-049,fundus_artery_average_width,hpp_curated_panel,TabFM,0.10854188661358599,0.09850942424852971,0.010032462365056283,6.0,test,552
cell-049,fundus_artery_average_width,hpp_curated_panel,TabPFN 3.5,0.1112869884282629,0.09850942424852971,0.012777564179733192,3.0,test,552
cell-050,fundus_artery_average_width,hpp_curated_panel,Ridge,0.09128953104266979,0.0898138034499919,0.001475727592677889,6.0,test,463
cell-050,fundus_artery_average_width,hpp_curated_panel,GBDT,0.09116492206736093,0.0898138034499919,0.0013511186173690293,7.0,test,463
cell-050,fundus_artery_average_width,hpp_curated_panel,XGBoost,0.07661243063693612,0.0898138034499919,-0.013201372813055778,11.0,test,463
cell-050,fundus_artery_average_width,hpp_curated_panel,CatBoost,0.09102810966282049,0.0898138034499919,0.0012143062128285864,8.0,test,463
cell-050,fundus_artery_average_width,hpp_curated_panel,RealMLP,0.09421036403476535,0.0898138034499919,0.004396560584773446,2.0,test,463
cell-050,fundus_artery_average_width,hpp_curated_panel,TabSwift,0.0870042778143797,0.0898138034499919,-0.002809525635612209,10.0,test,463
cell-050,fundus_artery_average_width,hpp_curated_panel,TabICL,0.09165945724350355,0.0898138034499919,0.001845653793511648,5.0,test,463
cell-050,fundus_artery_average_width,hpp_curated_panel,TabDPT,0.0954381360311658,0.0898138034499919,0.0056243325811738965,1.0,test,463
cell-050,fundus_artery_average_width,hpp_curated_panel,TabPFN v2,0.09385750744530452,0.0898138034499919,0.00404370399531262,4.0,test,463
cell-050,fundus_artery_average_width,hpp_curated_panel,TabFM,0.09087950397642364,0.0898138034499919,0.0010657005264317343,9.0,test,463
cell-050,fundus_artery_average_width,hpp_curated_panel,TabPFN 3.5,0.09403632099604087,0.0898138034499919,0.004222517546048965,3.0,test,463
cell-051,fundus_artery_average_width,cgm_iglu,Ridge,0.09322929192259644,0.09454623656496952,-0.0013169446423730857,5.0,test,928
cell-051,fundus_artery_average_width,cgm_iglu,GBDT,0.0923482304418689,0.09454623656496952,-0.0021980061231006154,7.0,test,928
cell-051,fundus_artery_average_width,cgm_iglu,XGBoost,0.09615618372666102,0.09454623656496952,0.001609947161691494,2.0,test,928
cell-051,fundus_artery_average_width,cgm_iglu,CatBoost,0.09958534279242937,0.09454623656496952,0.005039106227459844,1.0,test,928
cell-051,fundus_artery_average_width,cgm_iglu,RealMLP,0.0950356887121081,0.09454623656496952,0.0004894521471385804,3.0,test,928
cell-051,fundus_artery_average_width,cgm_iglu,TabSwift,0.08555489868737154,0.09454623656496952,-0.008991337877597982,11.0,test,928
cell-051,fundus_artery_average_width,cgm_iglu,TabICL,0.09271613079368946,0.09454623656496952,-0.0018301057712800661,6.0,test,928
cell-051,fundus_artery_average_width,cgm_iglu,TabDPT,0.0916107620730533,0.09454623656496952,-0.0029354744919162234,8.0,test,928
cell-051,fundus_artery_average_width,cgm_iglu,TabPFN v2,0.08984036946438323,0.09454623656496952,-0.004705867100586292,9.0,test,928
cell-051,fundus_artery_average_width,cgm_iglu,TabFM,0.08887895683330505,0.09454623656496952,-0.005667279731664476,10.0,test,928
cell-051,fundus_artery_average_width,cgm_iglu,TabPFN 3.5,0.09435468968100258,0.09454623656496952,-0.00019154688396694208,4.0,test,928
cell-052,fundus_artery_average_width,hpp_curated_panel,Ridge,0.10705279339503782,0.0963383121389253,0.010714481256112518,11.0,test,965
cell-052,fundus_artery_average_width,hpp_curated_panel,GBDT,0.11320276179296773,0.0963383121389253,0.016864449654042435,9.0,test,965
cell-052,fundus_artery_average_width,hpp_curated_panel,XGBoost,0.11053359286163877,0.0963383121389253,0.014195280722713477,10.0,test,965
cell-052,fundus_artery_average_width,hpp_curated_panel,CatBoost,0.11846825290876317,0.0963383121389253,0.022129940769837875,6.0,test,965
cell-052,fundus_artery_average_width,hpp_curated_panel,RealMLP,0.11574925160165994,0.0963383121389253,0.019410939462734644,8.0,test,965
cell-052,fundus_artery_average_width,hpp_curated_panel,TabSwift,0.12040329208432077,0.0963383121389253,0.02406497994539547,1.0,test,965
cell-052,fundus_artery_average_width,hpp_curated_panel,TabICL,0.11890736425332682,0.0963383121389253,0.022569052114401522,4.0,test,965
cell-052,fundus_artery_average_width,hpp_curated_panel,TabDPT,0.1203949123732646,0.0963383121389253,0.02405660023433931,2.0,test,965
cell-052,fundus_artery_average_width,hpp_curated_panel,TabPFN v2,0.11870569068078896,0.0963383121389253,0.02236737854186366,5.0,test,965
cell-052,fundus_artery_average_width,hpp_curated_panel,TabFM,0.11797290849953657,0.0963383121389253,0.02163459636061127,7.0,test,965
cell-052,fundus_artery_average_width,hpp_curated_panel,TabPFN 3.5,0.1199813425428613,0.0963383121389253,0.023643030403936005,3.0,test,965
cell-053,fundus_artery_average_width,hpp_curated_panel,Ridge,0.11825028803357995,0.10657532472604236,0.01167496330753759,2.0,test,804
cell-053,fundus_artery_average_width,hpp_curated_panel,GBDT,0.11236325874564024,0.10657532472604236,0.0057879340195978735,8.0,test,804
cell-053,fundus_artery_average_width,hpp_curated_panel,XGBoost,0.10685540427281859,0.10657532472604236,0.00028007954677622404,10.0,test,804
cell-053,fundus_artery_average_width,hpp_curated_panel,CatBoost,0.11272091268197115,0.10657532472604236,0.0061455879559287885,7.0,test,804
cell-053,fundus_artery_average_width,hpp_curated_panel,RealMLP,0.10914365563551054,0.10657532472604236,0.002568330909468175,9.0,test,804
cell-053,fundus_artery_average_width,hpp_curated_panel,TabSwift,0.10662204419798205,0.10657532472604236,4.67194719396824e-05,11.0,test,804
cell-053,fundus_artery_average_width,hpp_curated_panel,TabICL,0.11456815070404791,0.10657532472604236,0.007992825978005547,5.0,test,804
cell-053,fundus_artery_average_width,hpp_curated_panel,TabDPT,0.12014746234044693,0.10657532472604236,0.013572137614404567,1.0,test,804
cell-053,fundus_artery_average_width,hpp_curated_panel,TabPFN v2,0.11721324040836989,0.10657532472604236,0.010637915682327526,4.0,test,804
cell-053,fundus_artery_average_width,hpp_curated_panel,TabFM,0.11414180289759568,0.10657532472604236,0.007566478171553315,6.0,test,804
cell-053,fundus_artery_average_width,hpp_curated_panel,TabPFN 3.5,0.11800005340940767,0.10657532472604236,0.011424728683365304,3.0,test,804
cell-054,fundus_artery_average_width,hpp_curated_panel,Ridge,0.09959535503971673,0.09459310461555348,0.005002250424163246,11.0,test,1038
cell-054,fundus_artery_average_width,hpp_curated_panel,GBDT,0.10157739500670693,0.09459310461555348,0.006984290391153447,9.0,test,1038
cell-054,fundus_artery_average_width,hpp_curated_panel,XGBoost,0.10085519263594278,0.09459310461555348,0.0062620880203893,10.0,test,1038
cell-054,fundus_artery_average_width,hpp_curated_panel,CatBoost,0.10925095643404004,0.09459310461555348,0.014657851818486556,1.0,test,1038
cell-054,fundus_artery_average_width,hpp_curated_panel,RealMLP,0.10222495862177206,0.09459310461555348,0.007631854006218575,8.0,test,1038
cell-054,fundus_artery_average_width,hpp_curated_panel,TabSwift,0.10584316629832458,0.09459310461555348,0.011250061682771095,3.0,test,1038
cell-054,fundus_artery_average_width,hpp_curated_panel,TabICL,0.10405636004748631,0.09459310461555348,0.009463255431932827,6.0,test,1038
cell-054,fundus_artery_average_width,hpp_curated_panel,TabDPT,0.10290647579531298,0.09459310461555348,0.008313371179759499,7.0,test,1038
cell-054,fundus_artery_average_width,hpp_curated_panel,TabPFN v2,0.1048162404306433,0.09459310461555348,0.010223135815089823,5.0,test,1038
cell-054,fundus_artery_average_width,hpp_curated_panel,TabFM,0.10573560505483293,0.09459310461555348,0.011142500439279446,4.0,test,1038
cell-054,fundus_artery_average_width,hpp_curated_panel,TabPFN 3.5,0.10591463101716325,0.09459310461555348,0.011321526401609772,2.0,test,1038
cell-055,fundus_artery_fractal_dimension,hpp_curated_panel,Ridge,0.030470067210371377,0.044187160826194116,-0.01371709361582274,6.0,test,552
cell-055,fundus_artery_fractal_dimension,hpp_curated_panel,GBDT,-0.00908149483390619,0.044187160826194116,-0.053268655660100306,11.0,test,552
cell-055,fundus_artery_fractal_dimension,hpp_curated_panel,XGBoost,0.014616267839453911,0.044187160826194116,-0.029570892986740205,10.0,test,552
cell-055,fundus_artery_fractal_dimension,hpp_curated_panel,CatBoost,0.034653622237610815,0.044187160826194116,-0.009533538588583301,4.0,test,552
cell-055,fundus_artery_fractal_dimension,hpp_curated_panel,RealMLP,0.02657012975675732,0.044187160826194116,-0.017617031069436795,8.0,test,552
cell-055,fundus_artery_fractal_dimension,hpp_curated_panel,TabSwift,0.037909742393360424,0.044187160826194116,-0.006277418432833692,2.0,test,552
cell-055,fundus_artery_fractal_dimension,hpp_curated_panel,TabICL,0.026351904008409366,0.044187160826194116,-0.01783525681778475,9.0,test,552
cell-055,fundus_artery_fractal_dimension,hpp_curated_panel,TabDPT,0.03554658216359974,0.044187160826194116,-0.008640578662594378,3.0,test,552
cell-055,fundus_artery_fractal_dimension,hpp_curated_panel,TabPFN v2,0.038236596570538905,0.044187160826194116,-0.005950564255655211,1.0,test,552
cell-055,fundus_artery_fractal_dimension,hpp_curated_panel,TabFM,0.03045514292046314,0.044187160826194116,-0.013732017905730975,7.0,test,552
cell-055,fundus_artery_fractal_dimension,hpp_curated_panel,TabPFN 3.5,0.031076955188963917,0.044187160826194116,-0.013110205637230199,5.0,test,552
cell-056,fundus_artery_fractal_dimension,hpp_curated_panel,Ridge,0.037274153749616956,0.033896761428906075,0.0033773923207108814,2.0,test,463
cell-056,fundus_artery_fractal_dimension,hpp_curated_panel,GBDT,0.03472264249669643,0.033896761428906075,0.0008258810677903572,5.0,test,463
cell-056,fundus_artery_fractal_dimension,hpp_curated_panel,XGBoost,0.025123614941123362,0.033896761428906075,-0.008773146487782713,11.0,test,463
cell-056,fundus_artery_fractal_dimension,hpp_curated_panel,CatBoost,0.03102958759379504,0.033896761428906075,-0.0028671738351110365,9.0,test,463
cell-056,fundus_artery_fractal_dimension,hpp_curated_panel,RealMLP,0.03129238446063909,0.033896761428906075,-0.002604376968266986,8.0,test,463
cell-056,fundus_artery_fractal_dimension,hpp_curated_panel,TabSwift,0.037805104236796616,0.033896761428906075,0.003908342807890541,1.0,test,463
cell-056,fundus_artery_fractal_dimension,hpp_curated_panel,TabICL,0.03237358933868206,0.033896761428906075,-0.001523172090224012,6.0,test,463
cell-056,fundus_artery_fractal_dimension,hpp_curated_panel,TabDPT,0.03533944952438173,0.033896761428906075,0.0014426880954756527,3.0,test,463
cell-056,fundus_artery_fractal_dimension,hpp_curated_panel,TabPFN v2,0.03174790134344019,0.033896761428906075,-0.002148860085465887,7.0,test,463
cell-056,fundus_artery_fractal_dimension,hpp_curated_panel,TabFM,0.030031588968265854,0.033896761428906075,-0.0038651724606402205,10.0,test,463
cell-056,fundus_artery_fractal_dimension,hpp_curated_panel,TabPFN 3.5,0.035121390557044885,0.033896761428906075,0.00122462912813881,4.0,test,463
cell-057,fundus_artery_fractal_dimension,cgm_iglu,Ridge,0.014937203037163171,0.01910057758052397,-0.004163374543360798,11.0,test,928
cell-057,fundus_artery_fractal_dimension,cgm_iglu,GBDT,0.07209560836762852,0.01910057758052397,0.05299503078710455,10.0,test,928
cell-057,fundus_artery_fractal_dimension,cgm_iglu,XGBoost,0.07669026564497305,0.01910057758052397,0.057589688064449085,7.0,test,928
cell-057,fundus_artery_fractal_dimension,cgm_iglu,CatBoost,0.07937016220600723,0.01910057758052397,0.06026958462548326,6.0,test,928
cell-057,fundus_artery_fractal_dimension,cgm_iglu,RealMLP,0.07333733400345965,0.01910057758052397,0.054236756422935684,9.0,test,928
cell-057,fundus_artery_fractal_dimension,cgm_iglu,TabSwift,0.08162042481093079,0.01910057758052397,0.06251984723040682,4.0,test,928
cell-057,fundus_artery_fractal_dimension,cgm_iglu,TabICL,0.08168477025195553,0.01910057758052397,0.06258419267143156,3.0,test,928
cell-057,fundus_artery_fractal_dimension,cgm_iglu,TabDPT,0.07638551228657664,0.01910057758052397,0.05728493470605267,8.0,test,928
cell-057,fundus_artery_fractal_dimension,cgm_iglu,TabPFN v2,0.08083690402423738,0.01910057758052397,0.06173632644371341,5.0,test,928
cell-057,fundus_artery_fractal_dimension,cgm_iglu,TabFM,0.08648746953162434,0.01910057758052397,0.06738689195110037,1.0,test,928
cell-057,fundus_artery_fractal_dimension,cgm_iglu,TabPFN 3.5,0.08481794707976265,0.01910057758052397,0.06571736949923868,2.0,test,928
cell-058,fundus_artery_fractal_dimension,hpp_curated_panel,Ridge,0.03573466394124225,0.028815623012895752,0.006919040928346498,11.0,test,965
cell-058,fundus_artery_fractal_dimension,hpp_curated_panel,GBDT,0.10934552849046031,0.028815623012895752,0.08052990547756456,10.0,test,965
cell-058,fundus_artery_fractal_dimension,hpp_curated_panel,XGBoost,0.11145553538935282,0.028815623012895752,0.08263991237645707,9.0,test,965
cell-058,fundus_artery_fractal_dimension,hpp_curated_panel,CatBoost,0.11782144277421636,0.028815623012895752,0.0890058197613206,5.0,test,965
cell-058,fundus_artery_fractal_dimension,hpp_curated_panel,RealMLP,0.11754005403663192,0.028815623012895752,0.08872443102373617,6.0,test,965
cell-058,fundus_artery_fractal_dimension,hpp_curated_panel,TabSwift,0.11464246102584208,0.028815623012895752,0.08582683801294633,8.0,test,965
cell-058,fundus_artery_fractal_dimension,hpp_curated_panel,TabICL,0.12405570883212769,0.028815623012895752,0.09524008581923193,1.0,test,965
cell-058,fundus_artery_fractal_dimension,hpp_curated_panel,TabDPT,0.12043184789890671,0.028815623012895752,0.09161622488601096,4.0,test,965
cell-058,fundus_artery_fractal_dimension,hpp_curated_panel,TabPFN v2,0.11537788313311215,0.028815623012895752,0.0865622601202164,7.0,test,965
cell-058,fundus_artery_fractal_dimension,hpp_curated_panel,TabFM,0.12161287922209596,0.028815623012895752,0.09279725620920021,3.0,test,965
cell-058,fundus_artery_fractal_dimension,hpp_curated_panel,TabPFN 3.5,0.12291505835885841,0.028815623012895752,0.09409943534596266,2.0,test,965
cell-059,fundus_artery_fractal_dimension,hpp_curated_panel,Ridge,0.03520566145441373,0.008430641272356598,0.02677502018205713,11.0,test,804
cell-059,fundus_artery_fractal_dimension,hpp_curated_panel,GBDT,0.09411059880102546,0.008430641272356598,0.08567995752866886,8.0,test,804
cell-059,fundus_artery_fractal_dimension,hpp_curated_panel,XGBoost,0.08671702253668878,0.008430641272356598,0.07828638126433218,10.0,test,804
cell-059,fundus_artery_fractal_dimension,hpp_curated_panel,CatBoost,0.09320591966035796,0.008430641272356598,0.08477527838800136,9.0,test,804
cell-059,fundus_artery_fractal_dimension,hpp_curated_panel,RealMLP,0.0970924242787159,0.008430641272356598,0.0886617830063593,7.0,test,804
cell-059,fundus_artery_fractal_dimension,hpp_curated_panel,TabSwift,0.09871475482917269,0.008430641272356598,0.09028411355681609,6.0,test,804
cell-059,fundus_artery_fractal_dimension,hpp_curated_panel,TabICL,0.10142324009279635,0.008430641272356598,0.09299259882043975,5.0,test,804
cell-059,fundus_artery_fractal_dimension,hpp_curated_panel,TabDPT,0.10709925199548698,0.008430641272356598,0.09866861072313038,1.0,test,804
cell-059,fundus_artery_fractal_dimension,hpp_curated_panel,TabPFN v2,0.1015213234411051,0.008430641272356598,0.0930906821687485,4.0,test,804
cell-059,fundus_artery_fractal_dimension,hpp_curated_panel,TabFM,0.1035867929929819,0.008430641272356598,0.0951561517206253,3.0,test,804
cell-059,fundus_artery_fractal_dimension,hpp_curated_panel,TabPFN 3.5,0.10669173091339546,0.008430641272356598,0.09826108964103886,2.0,test,804
cell-060,fundus_artery_fractal_dimension,hpp_curated_panel,Ridge,0.04118087008232563,0.027487210581151666,0.01369365950117396,11.0,test,1038
cell-060,fundus_artery_fractal_dimension,hpp_curated_panel,GBDT,0.0990069918103802,0.027487210581151666,0.07151978122922853,8.0,test,1038
cell-060,fundus_artery_fractal_dimension,hpp_curated_panel,XGBoost,0.10072180789904239,0.027487210581151666,0.07323459731789073,7.0,test,1038
cell-060,fundus_artery_fractal_dimension,hpp_curated_panel,CatBoost,0.0983448678863943,0.027487210581151666,0.07085765730524263,9.0,test,1038
cell-060,fundus_artery_fractal_dimension,hpp_curated_panel,RealMLP,0.09694370264459662,0.027487210581151666,0.06945649206344495,10.0,test,1038
cell-060,fundus_artery_fractal_dimension,hpp_curated_panel,TabSwift,0.10143726296379052,0.027487210581151666,0.07395005238263885,6.0,test,1038
cell-060,fundus_artery_fractal_dimension,hpp_curated_panel,TabICL,0.11205376750304674,0.027487210581151666,0.08456655692189508,1.0,test,1038
cell-060,fundus_artery_fractal_dimension,hpp_curated_panel,TabDPT,0.10928493749064994,0.027487210581151666,0.08179772690949827,4.0,test,1038
cell-060,fundus_artery_fractal_dimension,hpp_curated_panel,TabPFN v2,0.10804217897284807,0.027487210581151666,0.0805549683916964,5.0,test,1038
cell-060,fundus_artery_fractal_dimension,hpp_curated_panel,TabFM,0.11119860766217626,0.027487210581151666,0.0837113970810246,2.0,test,1038
cell-060,fundus_artery_fractal_dimension,hpp_curated_panel,TabPFN 3.5,0.10944725091710983,0.027487210581151666,0.08196004033595816,3.0,test,1038
cell-061,fundus_artery_tortuosity_density,hpp_curated_panel,Ridge,0.018108015667916533,0.0279536890629416,-0.009845673395025067,8.0,test,552
cell-061,fundus_artery_tortuosity_density,hpp_curated_panel,GBDT,0.02179909783789724,0.0279536890629416,-0.006154591225044359,4.0,test,552
cell-061,fundus_artery_tortuosity_density,hpp_curated_panel,XGBoost,0.0033766551342767626,0.0279536890629416,-0.024577033928664838,11.0,test,552
cell-061,fundus_artery_tortuosity_density,hpp_curated_panel,CatBoost,0.017735548862071626,0.0279536890629416,-0.010218140200869974,9.0,test,552
cell-061,fundus_artery_tortuosity_density,hpp_curated_panel,RealMLP,0.02174253023210526,0.0279536890629416,-0.006211158830836339,5.0,test,552
cell-061,fundus_artery_tortuosity_density,hpp_curated_panel,TabSwift,0.02272325059179736,0.0279536890629416,-0.005230438471144239,3.0,test,552
cell-061,fundus_artery_tortuosity_density,hpp_curated_panel,TabICL,0.014333534511360546,0.0279536890629416,-0.013620154551581054,10.0,test,552
cell-061,fundus_artery_tortuosity_density,hpp_curated_panel,TabDPT,0.02076781415232476,0.0279536890629416,-0.007185874910616841,7.0,test,552
cell-061,fundus_artery_tortuosity_density,hpp_curated_panel,TabPFN v2,0.030942963845250304,0.0279536890629416,0.002989274782308704,1.0,test,552
cell-061,fundus_artery_tortuosity_density,hpp_curated_panel,TabFM,0.025494629350379716,0.0279536890629416,-0.002459059712561884,2.0,test,552
cell-061,fundus_artery_tortuosity_density,hpp_curated_panel,TabPFN 3.5,0.020789706996075075,0.0279536890629416,-0.0071639820668665255,6.0,test,552
cell-062,fundus_artery_tortuosity_density,hpp_curated_panel,Ridge,0.02226359482284468,0.026457089759964303,-0.004193494937119624,7.0,test,463
cell-062,fundus_artery_tortuosity_density,hpp_curated_panel,GBDT,0.015339752697365538,0.026457089759964303,-0.011117337062598764,11.0,test,463
cell-062,fundus_artery_tortuosity_density,hpp_curated_panel,XGBoost,0.023381563811447514,0.026457089759964303,-0.0030755259485167885,4.0,test,463
cell-062,fundus_artery_tortuosity_density,hpp_curated_panel,CatBoost,0.02235898608221354,0.026457089759964303,-0.004098103677750764,6.0,test,463
cell-062,fundus_artery_tortuosity_density,hpp_curated_panel,RealMLP,0.02477049702516798,0.026457089759964303,-0.0016865927347963217,3.0,test,463
cell-062,fundus_artery_tortuosity_density,hpp_curated_panel,TabSwift,0.019816239921841117,0.026457089759964303,-0.006640849838123186,10.0,test,463
cell-062,fundus_artery_tortuosity_density,hpp_curated_panel,TabICL,0.022359013669735806,0.026457089759964303,-0.004098076090228497,5.0,test,463
cell-062,fundus_artery_tortuosity_density,hpp_curated_panel,TabDPT,0.021840891296790454,0.026457089759964303,-0.004616198463173848,9.0,test,463
cell-062,fundus_artery_tortuosity_density,hpp_curated_panel,TabPFN v2,0.024966215701471395,0.026457089759964303,-0.001490874058492908,1.0,test,463
cell-062,fundus_artery_tortuosity_density,hpp_curated_panel,TabFM,0.02491123204938439,0.026457089759964303,-0.001545857710579912,2.0,test,463
cell-062,fundus_artery_tortuosity_density,hpp_curated_panel,TabPFN 3.5,0.021877642304968914,0.026457089759964303,-0.004579447454995389,8.0,test,463
cell-063,fundus_artery_tortuosity_density,cgm_iglu,Ridge,0.013220215424190496,0.022733114525114062,-0.009512899100923566,4.0,test,928
cell-063,fundus_artery_tortuosity_density,cgm_iglu,GBDT,0.0073760779769012075,0.022733114525114062,-0.015357036548212855,8.0,test,928
cell-063,fundus_artery_tortuosity_density,cgm_iglu,XGBoost,0.0012372490106661305,0.022733114525114062,-0.02149586551444793,11.0,test,928
cell-063,fundus_artery_tortuosity_density,cgm_iglu,CatBoost,0.004237067646281845,0.022733114525114062,-0.018496046878832217,9.0,test,928
cell-063,fundus_artery_tortuosity_density,cgm_iglu,RealMLP,0.0013055483219305275,0.022733114525114062,-0.021427566203183535,10.0,test,928
cell-063,fundus_artery_tortuosity_density,cgm_iglu,TabSwift,0.010869971195864081,0.022733114525114062,-0.011863143329249981,7.0,test,928
cell-063,fundus_artery_tortuosity_density,cgm_iglu,TabICL,0.012835605155656404,0.022733114525114062,-0.009897509369457658,5.0,test,928
cell-063,fundus_artery_tortuosity_density,cgm_iglu,TabDPT,0.011484876536660638,0.022733114525114062,-0.011248237988453424,6.0,test,928
cell-063,fundus_artery_tortuosity_density,cgm_iglu,TabPFN v2,0.018369407549836292,0.022733114525114062,-0.00436370697527777,1.0,test,928
cell-063,fundus_artery_tortuosity_density,cgm_iglu,TabFM,0.013342296507773299,0.022733114525114062,-0.009390818017340763,3.0,test,928
cell-063,fundus_artery_tortuosity_density,cgm_iglu,TabPFN 3.5,0.014916245724370114,0.022733114525114062,-0.007816868800743948,2.0,test,928
cell-064,fundus_artery_tortuosity_density,hpp_curated_panel,Ridge,0.025614442862986753,0.026828185424793816,-0.001213742561807063,1.0,test,965
cell-064,fundus_artery_tortuosity_density,hpp_curated_panel,GBDT,0.014868761860355906,0.026828185424793816,-0.01195942356443791,10.0,test,965
cell-064,fundus_artery_tortuosity_density,hpp_curated_panel,XGBoost,0.020560246128802362,0.026828185424793816,-0.006267939295991454,5.0,test,965
cell-064,fundus_artery_tortuosity_density,hpp_curated_panel,CatBoost,0.013526282706814774,0.026828185424793816,-0.013301902717979042,11.0,test,965
cell-064,fundus_artery_tortuosity_density,hpp_curated_panel,RealMLP,0.01868411587573071,0.026828185424793816,-0.008144069549063104,8.0,test,965
cell-064,fundus_artery_tortuosity_density,hpp_curated_panel,TabSwift,0.021958139190964898,0.026828185424793816,-0.0048700462338289174,4.0,test,965
cell-064,fundus_artery_tortuosity_density,hpp_curated_panel,TabICL,0.02003773468099479,0.026828185424793816,-0.006790450743799026,6.0,test,965
cell-064,fundus_artery_tortuosity_density,hpp_curated_panel,TabDPT,0.019487943072876934,0.026828185424793816,-0.007340242351916881,7.0,test,965
cell-064,fundus_artery_tortuosity_density,hpp_curated_panel,TabPFN v2,0.02460261078220105,0.026828185424793816,-0.0022255746425927647,2.0,test,965
cell-064,fundus_artery_tortuosity_density,hpp_curated_panel,TabFM,0.018618261032519956,0.026828185424793816,-0.00820992439227386,9.0,test,965
cell-064,fundus_artery_tortuosity_density,hpp_curated_panel,TabPFN 3.5,0.022163997734476526,0.026828185424793816,-0.00466418769031729,3.0,test,965
cell-065,fundus_artery_tortuosity_density,hpp_curated_panel,Ridge,0.0216031177542082,0.02187790102744358,-0.00027478327323537943,5.0,test,804
cell-065,fundus_artery_tortuosity_density,hpp_curated_panel,GBDT,0.02432472315862877,0.02187790102744358,0.002446822131185189,1.0,test,804
cell-065,fundus_artery_tortuosity_density,hpp_curated_panel,XGBoost,0.019832339970091484,0.02187790102744358,-0.0020455610573520966,8.0,test,804
cell-065,fundus_artery_tortuosity_density,hpp_curated_panel,CatBoost,0.019619381236635425,0.02187790102744358,-0.0022585197908081556,9.0,test,804
cell-065,fundus_artery_tortuosity_density,hpp_curated_panel,RealMLP,0.022420929984013238,0.02187790102744358,0.0005430289565696578,4.0,test,804
cell-065,fundus_artery_tortuosity_density,hpp_curated_panel,TabSwift,0.01992620974471837,0.02187790102744358,-0.0019516912827252098,7.0,test,804
cell-065,fundus_artery_tortuosity_density,hpp_curated_panel,TabICL,0.018868070308660334,0.02187790102744358,-0.0030098307187832463,10.0,test,804
cell-065,fundus_artery_tortuosity_density,hpp_curated_panel,TabDPT,0.020810081157353277,0.02187790102744358,-0.001067819870090303,6.0,test,804
cell-065,fundus_artery_tortuosity_density,hpp_curated_panel,TabPFN v2,0.022734544993209038,0.02187790102744358,0.0008566439657654579,3.0,test,804
cell-065,fundus_artery_tortuosity_density,hpp_curated_panel,TabFM,0.017524526225206172,0.02187790102744358,-0.004353374802237409,11.0,test,804
cell-065,fundus_artery_tortuosity_density,hpp_curated_panel,TabPFN 3.5,0.02293275735054956,0.02187790102744358,0.0010548563231059793,2.0,test,804
cell-066,fundus_artery_tortuosity_density,hpp_curated_panel,Ridge,0.01656538380740402,0.016217894016060885,0.0003474897913431363,1.0,test,1038
cell-066,fundus_artery_tortuosity_density,hpp_curated_panel,GBDT,0.009990965111802197,0.016217894016060885,-0.006226928904258688,7.0,test,1038
cell-066,fundus_artery_tortuosity_density,hpp_curated_panel,XGBoost,0.011743226769413861,0.016217894016060885,-0.004474667246647024,4.0,test,1038
cell-066,fundus_artery_tortuosity_density,hpp_curated_panel,CatBoost,0.010087665375352328,0.016217894016060885,-0.006130228640708557,6.0,test,1038
cell-066,fundus_artery_tortuosity_density,hpp_curated_panel,RealMLP,0.006258721769800912,0.016217894016060885,-0.009959172246259973,11.0,test,1038
cell-066,fundus_artery_tortuosity_density,hpp_curated_panel,TabSwift,0.006712896539369906,0.016217894016060885,-0.00950499747669098,10.0,test,1038
cell-066,fundus_artery_tortuosity_density,hpp_curated_panel,TabICL,0.008119988951271973,0.016217894016060885,-0.008097905064788913,9.0,test,1038
cell-066,fundus_artery_tortuosity_density,hpp_curated_panel,TabDPT,0.010288915236984386,0.016217894016060885,-0.005928978779076499,5.0,test,1038
cell-066,fundus_artery_tortuosity_density,hpp_curated_panel,TabPFN v2,0.013436160635649452,0.016217894016060885,-0.002781733380411433,2.0,test,1038
cell-066,fundus_artery_tortuosity_density,hpp_curated_panel,TabFM,0.008330744704294513,0.016217894016060885,-0.007887149311766373,8.0,test,1038
cell-066,fundus_artery_tortuosity_density,hpp_curated_panel,TabPFN 3.5,0.011777679705143429,0.016217894016060885,-0.004440214310917456,3.0,test,1038
cell-067,fundus_artery_vessel_density,hpp_curated_panel,Ridge,0.06028079691663257,0.0618272907862879,-0.0015464938696553299,1.0,test,552
cell-067,fundus_artery_vessel_density,hpp_curated_panel,GBDT,0.04401124662310507,0.0618272907862879,-0.01781604416318283,5.0,test,552
cell-067,fundus_artery_vessel_density,hpp_curated_panel,XGBoost,0.028621940662545642,0.0618272907862879,-0.03320535012374226,11.0,test,552
cell-067,fundus_artery_vessel_density,hpp_curated_panel,CatBoost,0.03121933367103924,0.0618272907862879,-0.030607957115248663,10.0,test,552
cell-067,fundus_artery_vessel_density,hpp_curated_panel,RealMLP,0.0504074922167671,0.0618272907862879,-0.0114197985695208,2.0,test,552
cell-067,fundus_artery_vessel_density,hpp_curated_panel,TabSwift,0.046116609071222614,0.0618272907862879,-0.01571068171506529,4.0,test,552
cell-067,fundus_artery_vessel_density,hpp_curated_panel,TabICL,0.043240797631962424,0.0618272907862879,-0.01858649315432548,7.0,test,552
cell-067,fundus_artery_vessel_density,hpp_curated_panel,TabDPT,0.04635100842806028,0.0618272907862879,-0.015476282358227622,3.0,test,552
cell-067,fundus_artery_vessel_density,hpp_curated_panel,TabPFN v2,0.043770979950346844,0.0618272907862879,-0.01805631083594106,6.0,test,552
cell-067,fundus_artery_vessel_density,hpp_curated_panel,TabFM,0.03841732544010712,0.0618272907862879,-0.023409965346180783,8.0,test,552
cell-067,fundus_artery_vessel_density,hpp_curated_panel,TabPFN 3.5,0.03692376523773566,0.0618272907862879,-0.02490352554855224,9.0,test,552
cell-068,fundus_artery_vessel_density,hpp_curated_panel,Ridge,0.05800466926221548,0.05392079276954442,0.004083876492671057,1.0,test,463
cell-068,fundus_artery_vessel_density,hpp_curated_panel,GBDT,0.049462046351178235,0.05392079276954442,-0.0044587464183661885,8.0,test,463
cell-068,fundus_artery_vessel_density,hpp_curated_panel,XGBoost,0.04250890842373223,0.05392079276954442,-0.011411884345812195,11.0,test,463
cell-068,fundus_artery_vessel_density,hpp_curated_panel,CatBoost,0.04737413967494142,0.05392079276954442,-0.0065466530946030055,9.0,test,463
cell-068,fundus_artery_vessel_density,hpp_curated_panel,RealMLP,0.05616302479043589,0.05392079276954442,0.002242232020891466,2.0,test,463
cell-068,fundus_artery_vessel_density,hpp_curated_panel,TabSwift,0.05093374936077433,0.05392079276954442,-0.002987043408770096,7.0,test,463
cell-068,fundus_artery_vessel_density,hpp_curated_panel,TabICL,0.05178786214777542,0.05392079276954442,-0.0021329306217690025,5.0,test,463
cell-068,fundus_artery_vessel_density,hpp_curated_panel,TabDPT,0.05197456488513563,0.05392079276954442,-0.001946227884408791,4.0,test,463
cell-068,fundus_artery_vessel_density,hpp_curated_panel,TabPFN v2,0.05150750548834726,0.05392079276954442,-0.002413287281197163,6.0,test,463
cell-068,fundus_artery_vessel_density,hpp_curated_panel,TabFM,0.04610361130881657,0.05392079276954442,-0.007817181460727851,10.0,test,463
cell-068,fundus_artery_vessel_density,hpp_curated_panel,TabPFN 3.5,0.055223542534055814,0.05392079276954442,0.0013027497645113906,3.0,test,463
cell-069,fundus_artery_vessel_density,cgm_iglu,Ridge,0.018197821493441957,0.01580191380124485,0.002395907692197108,11.0,test,928
cell-069,fundus_artery_vessel_density,cgm_iglu,GBDT,0.05564626778002302,0.01580191380124485,0.03984435397877817,8.0,test,928
cell-069,fundus_artery_vessel_density,cgm_iglu,XGBoost,0.058992548131491684,0.01580191380124485,0.043190634330246835,5.0,test,928
cell-069,fundus_artery_vessel_density,cgm_iglu,CatBoost,0.05735514285789345,0.01580191380124485,0.0415532290566486,6.0,test,928
cell-069,fundus_artery_vessel_density,cgm_iglu,RealMLP,0.05614990724612434,0.01580191380124485,0.04034799344487949,7.0,test,928
cell-069,fundus_artery_vessel_density,cgm_iglu,TabSwift,0.05902163269979088,0.01580191380124485,0.04321971889854603,4.0,test,928
cell-069,fundus_artery_vessel_density,cgm_iglu,TabICL,0.0599963285833941,0.01580191380124485,0.04419441478214925,3.0,test,928
cell-069,fundus_artery_vessel_density,cgm_iglu,TabDPT,0.05206020929893773,0.01580191380124485,0.03625829549769288,10.0,test,928
cell-069,fundus_artery_vessel_density,cgm_iglu,TabPFN v2,0.054837143367370556,0.01580191380124485,0.039035229566125706,9.0,test,928
cell-069,fundus_artery_vessel_density,cgm_iglu,TabFM,0.06317538624373009,0.01580191380124485,0.04737347244248524,1.0,test,928
cell-069,fundus_artery_vessel_density,cgm_iglu,TabPFN 3.5,0.062446674430185145,0.01580191380124485,0.046644760628940296,2.0,test,928
cell-070,fundus_artery_vessel_density,hpp_curated_panel,Ridge,0.023924335978271594,0.013425192337902292,0.010499143640369302,11.0,test,965
cell-070,fundus_artery_vessel_density,hpp_curated_panel,GBDT,0.08424802524480723,0.013425192337902292,0.07082283290690494,10.0,test,965
cell-070,fundus_artery_vessel_density,hpp_curated_panel,XGBoost,0.08560409896992727,0.013425192337902292,0.07217890663202498,9.0,test,965
cell-070,fundus_artery_vessel_density,hpp_curated_panel,CatBoost,0.08697985720885504,0.013425192337902292,0.07355466487095275,8.0,test,965
cell-070,fundus_artery_vessel_density,hpp_curated_panel,RealMLP,0.09500473042125523,0.013425192337902292,0.08157953808335294,3.0,test,965
cell-070,fundus_artery_vessel_density,hpp_curated_panel,TabSwift,0.09288688482183649,0.013425192337902292,0.0794616924839342,5.0,test,965
cell-070,fundus_artery_vessel_density,hpp_curated_panel,TabICL,0.09281789843065957,0.013425192337902292,0.07939270609275728,6.0,test,965
cell-070,fundus_artery_vessel_density,hpp_curated_panel,TabDPT,0.09300559754364146,0.013425192337902292,0.07958040520573917,4.0,test,965
cell-070,fundus_artery_vessel_density,hpp_curated_panel,TabPFN v2,0.09510832969925753,0.013425192337902292,0.08168313736135524,2.0,test,965
cell-070,fundus_artery_vessel_density,hpp_curated_panel,TabFM,0.09083394740928463,0.013425192337902292,0.07740875507138234,7.0,test,965
cell-070,fundus_artery_vessel_density,hpp_curated_panel,TabPFN 3.5,0.09699401844640687,0.013425192337902292,0.08356882610850458,1.0,test,965
cell-071,fundus_artery_vessel_density,hpp_curated_panel,Ridge,0.03963599898308834,0.0141843990122561,0.02545159997083224,11.0,test,804
cell-071,fundus_artery_vessel_density,hpp_curated_panel,GBDT,0.08099010169190368,0.0141843990122561,0.06680570267964758,10.0,test,804
cell-071,fundus_artery_vessel_density,hpp_curated_panel,XGBoost,0.08241337055039266,0.0141843990122561,0.06822897153813656,7.0,test,804
cell-071,fundus_artery_vessel_density,hpp_curated_panel,CatBoost,0.08187500351948995,0.0141843990122561,0.06769060450723385,9.0,test,804
cell-071,fundus_artery_vessel_density,hpp_curated_panel,RealMLP,0.08258180016241468,0.0141843990122561,0.06839740115015858,6.0,test,804
cell-071,fundus_artery_vessel_density,hpp_curated_panel,TabSwift,0.08663151768119404,0.0141843990122561,0.07244711866893794,5.0,test,804
cell-071,fundus_artery_vessel_density,hpp_curated_panel,TabICL,0.08911904696759398,0.0141843990122561,0.07493464795533789,4.0,test,804
cell-071,fundus_artery_vessel_density,hpp_curated_panel,TabDPT,0.0928714024037045,0.0141843990122561,0.0786870033914484,2.0,test,804
cell-071,fundus_artery_vessel_density,hpp_curated_panel,TabPFN v2,0.08219833837160506,0.0141843990122561,0.06801393935934896,8.0,test,804
cell-071,fundus_artery_vessel_density,hpp_curated_panel,TabFM,0.0942459300137789,0.0141843990122561,0.0800615310015228,1.0,test,804
cell-071,fundus_artery_vessel_density,hpp_curated_panel,TabPFN 3.5,0.09067591177245604,0.0141843990122561,0.07649151276019994,3.0,test,804
cell-072,fundus_artery_vessel_density,hpp_curated_panel,Ridge,0.020378144046388602,0.010256103418087359,0.010122040628301243,11.0,test,1038
cell-072,fundus_artery_vessel_density,hpp_curated_panel,GBDT,0.06672004161156997,0.010256103418087359,0.05646393819348261,10.0,test,1038
cell-072,fundus_artery_vessel_density,hpp_curated_panel,XGBoost,0.066883108696706,0.010256103418087359,0.056627005278618636,9.0,test,1038
cell-072,fundus_artery_vessel_density,hpp_curated_panel,CatBoost,0.0669332634660692,0.010256103418087359,0.056677160047981845,8.0,test,1038
cell-072,fundus_artery_vessel_density,hpp_curated_panel,RealMLP,0.06730479385562971,0.010256103418087359,0.05704869043754235,7.0,test,1038
cell-072,fundus_artery_vessel_density,hpp_curated_panel,TabSwift,0.07691915424970663,0.010256103418087359,0.06666305083161927,1.0,test,1038
cell-072,fundus_artery_vessel_density,hpp_curated_panel,TabICL,0.07337591074528382,0.010256103418087359,0.06311980732719646,2.0,test,1038
cell-072,fundus_artery_vessel_density,hpp_curated_panel,TabDPT,0.0712429942252244,0.010256103418087359,0.06098689080713704,6.0,test,1038
cell-072,fundus_artery_vessel_density,hpp_curated_panel,TabPFN v2,0.07210176773485777,0.010256103418087359,0.06184566431677041,5.0,test,1038
cell-072,fundus_artery_vessel_density,hpp_curated_panel,TabFM,0.0733165205789511,0.010256103418087359,0.06306041716086375,3.0,test,1038
cell-072,fundus_artery_vessel_density,hpp_curated_panel,TabPFN 3.5,0.07222704988862494,0.010256103418087359,0.06197094647053758,4.0,test,1038
cell-073,fundus_vein_average_width,hpp_curated_panel,Ridge,0.03188081548359223,0.026862679172942272,0.005018136310649957,1.0,test,552
cell-073,fundus_vein_average_width,hpp_curated_panel,GBDT,0.029153054528815447,0.026862679172942272,0.0022903753558731754,6.0,test,552
cell-073,fundus_vein_average_width,hpp_curated_panel,XGBoost,0.028759572837804503,0.026862679172942272,0.0018968936648622314,8.0,test,552
cell-073,fundus_vein_average_width,hpp_curated_panel,CatBoost,0.028981199365722188,0.026862679172942272,0.0021185201927799158,7.0,test,552
cell-073,fundus_vein_average_width,hpp_curated_panel,RealMLP,0.031685143759784484,0.026862679172942272,0.004822464586842212,3.0,test,552
cell-073,fundus_vein_average_width,hpp_curated_panel,TabSwift,0.03023409477507999,0.026862679172942272,0.0033714156021377173,5.0,test,552
cell-073,fundus_vein_average_width,hpp_curated_panel,TabICL,0.02548648092234418,0.026862679172942272,-0.001376198250598093,10.0,test,552
cell-073,fundus_vein_average_width,hpp_curated_panel,TabDPT,0.03173047111814553,0.026862679172942272,0.004867791945203259,2.0,test,552
cell-073,fundus_vein_average_width,hpp_curated_panel,TabPFN v2,0.031474322384037356,0.026862679172942272,0.0046116432110950845,4.0,test,552
cell-073,fundus_vein_average_width,hpp_curated_panel,TabFM,0.027584007759905438,0.026862679172942272,0.0007213285869631658,9.0,test,552
cell-073,fundus_vein_average_width,hpp_curated_panel,TabPFN 3.5,0.024865229359604113,0.026862679172942272,-0.001997449813338159,11.0,test,552
cell-074,fundus_vein_average_width,hpp_curated_panel,Ridge,0.02458241918755799,0.02738199339061631,-0.0027995742030583193,2.0,test,463
cell-074,fundus_vein_average_width,hpp_curated_panel,GBDT,0.014585185042808035,0.02738199339061631,-0.012796808347808275,8.0,test,463
cell-074,fundus_vein_average_width,hpp_curated_panel,XGBoost,-0.004452790114173766,0.02738199339061631,-0.031834783504790076,11.0,test,463
cell-074,fundus_vein_average_width,hpp_curated_panel,CatBoost,0.012250459371190847,0.02738199339061631,-0.015131534019425463,10.0,test,463
cell-074,fundus_vein_average_width,hpp_curated_panel,RealMLP,0.02068879568301396,0.02738199339061631,-0.00669319770760235,6.0,test,463
cell-074,fundus_vein_average_width,hpp_curated_panel,TabSwift,0.01347959082504191,0.02738199339061631,-0.013902402565574401,9.0,test,463
cell-074,fundus_vein_average_width,hpp_curated_panel,TabICL,0.021786740245875125,0.02738199339061631,-0.005595253144741186,5.0,test,463
cell-074,fundus_vein_average_width,hpp_curated_panel,TabDPT,0.028534258011855274,0.02738199339061631,0.0011522646212389631,1.0,test,463
cell-074,fundus_vein_average_width,hpp_curated_panel,TabPFN v2,0.022927581374456607,0.02738199339061631,-0.004454412016159703,4.0,test,463
cell-074,fundus_vein_average_width,hpp_curated_panel,TabFM,0.02398204106105517,0.02738199339061631,-0.00339995232956114,3.0,test,463
cell-074,fundus_vein_average_width,hpp_curated_panel,TabPFN 3.5,0.018602070061555676,0.02738199339061631,-0.008779923329060635,7.0,test,463
cell-075,fundus_vein_average_width,cgm_iglu,Ridge,0.02372185279157235,0.028468602065029103,-0.004746749273456752,11.0,test,928
cell-075,fundus_vein_average_width,cgm_iglu,GBDT,0.03861970645402635,0.028468602065029103,0.010151104388997245,9.0,test,928
cell-075,fundus_vein_average_width,cgm_iglu,XGBoost,0.038180569848387136,0.028468602065029103,0.009711967783358033,10.0,test,928
cell-075,fundus_vein_average_width,cgm_iglu,CatBoost,0.03983631899787399,0.028468602065029103,0.011367716932844885,8.0,test,928
cell-075,fundus_vein_average_width,cgm_iglu,RealMLP,0.04608759860964651,0.028468602065029103,0.017618996544617405,3.0,test,928
cell-075,fundus_vein_average_width,cgm_iglu,TabSwift,0.04813740532661093,0.028468602065029103,0.019668803261581824,2.0,test,928
cell-075,fundus_vein_average_width,cgm_iglu,TabICL,0.04553518339380058,0.028468602065029103,0.01706658132877148,4.0,test,928
cell-075,fundus_vein_average_width,cgm_iglu,TabDPT,0.04283573391348361,0.028468602065029103,0.014367131848454506,6.0,test,928
cell-075,fundus_vein_average_width,cgm_iglu,TabPFN v2,0.04836249146746785,0.028468602065029103,0.019893889402438747,1.0,test,928
cell-075,fundus_vein_average_width,cgm_iglu,TabFM,0.04159007591401909,0.028468602065029103,0.013121473848989984,7.0,test,928
cell-075,fundus_vein_average_width,cgm_iglu,TabPFN 3.5,0.04468704295377646,0.028468602065029103,0.016218440888747354,5.0,test,928
cell-076,fundus_vein_average_width,hpp_curated_panel,Ridge,0.036942911948729784,0.038896802953735765,-0.001953891005005981,11.0,test,965
cell-076,fundus_vein_average_width,hpp_curated_panel,GBDT,0.06518265441652193,0.038896802953735765,0.02628585146278617,10.0,test,965
cell-076,fundus_vein_average_width,hpp_curated_panel,XGBoost,0.06555489588312668,0.038896802953735765,0.02665809292939092,9.0,test,965
cell-076,fundus_vein_average_width,hpp_curated_panel,CatBoost,0.07943549446263798,0.038896802953735765,0.040538691508902214,2.0,test,965
cell-076,fundus_vein_average_width,hpp_curated_panel,RealMLP,0.07564022153916405,0.038896802953735765,0.03674341858542829,5.0,test,965
cell-076,fundus_vein_average_width,hpp_curated_panel,TabSwift,0.07612927135235792,0.038896802953735765,0.037232468398622154,3.0,test,965
cell-076,fundus_vein_average_width,hpp_curated_panel,TabICL,0.07037725724593424,0.038896802953735765,0.03148045429219848,8.0,test,965
cell-076,fundus_vein_average_width,hpp_curated_panel,TabDPT,0.07578234383620053,0.038896802953735765,0.03688554088246476,4.0,test,965
cell-076,fundus_vein_average_width,hpp_curated_panel,TabPFN v2,0.07975979726189508,0.038896802953735765,0.04086299430815932,1.0,test,965
cell-076,fundus_vein_average_width,hpp_curated_panel,TabFM,0.07543774157613092,0.038896802953735765,0.03654093862239516,6.0,test,965
cell-076,fundus_vein_average_width,hpp_curated_panel,TabPFN 3.5,0.07125580174564916,0.038896802953735765,0.032358998791913396,7.0,test,965
cell-077,fundus_vein_average_width,hpp_curated_panel,Ridge,0.04931499991401367,0.033789856966202625,0.015525142947811044,11.0,test,804
cell-077,fundus_vein_average_width,hpp_curated_panel,GBDT,0.05229198932736434,0.033789856966202625,0.018502132361161716,10.0,test,804
cell-077,fundus_vein_average_width,hpp_curated_panel,XGBoost,0.054475545301035155,0.033789856966202625,0.02068568833483253,8.0,test,804
cell-077,fundus_vein_average_width,hpp_curated_panel,CatBoost,0.053231564786824226,0.033789856966202625,0.0194417078206216,9.0,test,804
cell-077,fundus_vein_average_width,hpp_curated_panel,RealMLP,0.07564987652118937,0.033789856966202625,0.04186001955498675,3.0,test,804
cell-077,fundus_vein_average_width,hpp_curated_panel,TabSwift,0.07547146011260975,0.033789856966202625,0.04168160314640712,4.0,test,804
cell-077,fundus_vein_average_width,hpp_curated_panel,TabICL,0.06865753728363999,0.033789856966202625,0.034867680317437366,6.0,test,804
cell-077,fundus_vein_average_width,hpp_curated_panel,TabDPT,0.07264570407374871,0.033789856966202625,0.03885584710754608,5.0,test,804
cell-077,fundus_vein_average_width,hpp_curated_panel,TabPFN v2,0.08020178631171515,0.033789856966202625,0.046411929345512526,1.0,test,804
cell-077,fundus_vein_average_width,hpp_curated_panel,TabFM,0.06420480468960676,0.033789856966202625,0.03041494772340414,7.0,test,804
cell-077,fundus_vein_average_width,hpp_curated_panel,TabPFN 3.5,0.07849867891333717,0.033789856966202625,0.04470882194713455,2.0,test,804
cell-078,fundus_vein_average_width,hpp_curated_panel,Ridge,0.046338250012041615,0.043879027907530954,0.002459222104510661,11.0,test,1038
cell-078,fundus_vein_average_width,hpp_curated_panel,GBDT,0.06788891838781996,0.043879027907530954,0.02400989048028901,9.0,test,1038
cell-078,fundus_vein_average_width,hpp_curated_panel,XGBoost,0.06603758182972508,0.043879027907530954,0.022158553922194124,10.0,test,1038
cell-078,fundus_vein_average_width,hpp_curated_panel,CatBoost,0.06983632714070176,0.043879027907530954,0.025957299233170805,8.0,test,1038
cell-078,fundus_vein_average_width,hpp_curated_panel,RealMLP,0.0768767459872175,0.043879027907530954,0.032997718079686544,6.0,test,1038
cell-078,fundus_vein_average_width,hpp_curated_panel,TabSwift,0.07746687111778383,0.043879027907530954,0.03358784321025288,5.0,test,1038
cell-078,fundus_vein_average_width,hpp_curated_panel,TabICL,0.07941371154889032,0.043879027907530954,0.035534683641359366,4.0,test,1038
cell-078,fundus_vein_average_width,hpp_curated_panel,TabDPT,0.08236323979996951,0.043879027907530954,0.03848421189243856,2.0,test,1038
cell-078,fundus_vein_average_width,hpp_curated_panel,TabPFN v2,0.08497429049271366,0.043879027907530954,0.0410952625851827,1.0,test,1038
cell-078,fundus_vein_average_width,hpp_curated_panel,TabFM,0.07671866863931909,0.043879027907530954,0.03283964073178813,7.0,test,1038
cell-078,fundus_vein_average_width,hpp_curated_panel,TabPFN 3.5,0.0802166960694154,0.043879027907530954,0.03633766816188444,3.0,test,1038
cell-079,fundus_vein_tortuosity_density,hpp_curated_panel,Ridge,-0.0010496721060546665,-0.00130966012592304,0.0002599880198683735,4.0,test,552
cell-079,fundus_vein_tortuosity_density,hpp_curated_panel,GBDT,0.0009313986214403158,-0.00130966012592304,0.002241058747363356,2.0,test,552
cell-079,fundus_vein_tortuosity_density,hpp_curated_panel,XGBoost,-0.007595966378393104,-0.00130966012592304,-0.006286306252470064,10.0,test,552
cell-079,fundus_vein_tortuosity_density,hpp_curated_panel,CatBoost,0.0017543498356556997,-0.00130966012592304,0.0030640099615787397,1.0,test,552
cell-079,fundus_vein_tortuosity_density,hpp_curated_panel,RealMLP,-0.0011992801665439146,-0.00130966012592304,0.00011037995937912548,5.0,test,552
cell-079,fundus_vein_tortuosity_density,hpp_curated_panel,TabSwift,-0.0030236203741285106,-0.00130966012592304,-0.0017139602482054705,8.0,test,552
cell-079,fundus_vein_tortuosity_density,hpp_curated_panel,TabICL,-0.007014163230710135,-0.00130966012592304,-0.005704503104787095,9.0,test,552
cell-079,fundus_vein_tortuosity_density,hpp_curated_panel,TabDPT,0.0008168085710031914,-0.00130966012592304,0.0021264686969262314,3.0,test,552
cell-079,fundus_vein_tortuosity_density,hpp_curated_panel,TabPFN v2,-0.0014201823612114417,-0.00130966012592304,-0.00011052223528840166,6.0,test,552
cell-079,fundus_vein_tortuosity_density,hpp_curated_panel,TabFM,-0.0077871534047007085,-0.00130966012592304,-0.0064774932787776685,11.0,test,552
cell-079,fundus_vein_tortuosity_density,hpp_curated_panel,TabPFN 3.5,-0.0028284867295815808,-0.00130966012592304,-0.0015188266036585407,7.0,test,552
cell-080,fundus_vein_tortuosity_density,hpp_curated_panel,Ridge,0.004952700960175749,0.004688139183028905,0.00026456177714684337,7.0,test,463
cell-080,fundus_vein_tortuosity_density,hpp_curated_panel,GBDT,0.004189343659040556,0.004688139183028905,-0.000498795523988349,8.0,test,463
cell-080,fundus_vein_tortuosity_density,hpp_curated_panel,XGBoost,0.005947557649827462,0.004688139183028905,0.0012594184667985564,5.0,test,463
cell-080,fundus_vein_tortuosity_density,hpp_curated_panel,CatBoost,0.011862053857048749,0.004688139183028905,0.007173914674019843,1.0,test,463
cell-080,fundus_vein_tortuosity_density,hpp_curated_panel,RealMLP,0.010418872660966416,0.004688139183028905,0.005730733477937511,2.0,test,463
cell-080,fundus_vein_tortuosity_density,hpp_curated_panel,TabSwift,0.006260133118178857,0.004688139183028905,0.0015719939351499512,4.0,test,463
cell-080,fundus_vein_tortuosity_density,hpp_curated_panel,TabICL,0.0011092182619635294,0.004688139183028905,-0.003578920921065376,11.0,test,463
cell-080,fundus_vein_tortuosity_density,hpp_curated_panel,TabDPT,0.0037619359171791045,0.004688139183028905,-0.000926203265849801,9.0,test,463
cell-080,fundus_vein_tortuosity_density,hpp_curated_panel,TabPFN v2,0.006637253202360638,0.004688139183028905,0.0019491140193317325,3.0,test,463
cell-080,fundus_vein_tortuosity_density,hpp_curated_panel,TabFM,0.0029099292091246953,0.004688139183028905,-0.00177820997390421,10.0,test,463
cell-080,fundus_vein_tortuosity_density,hpp_curated_panel,TabPFN 3.5,0.005789112595166457,0.004688139183028905,0.0011009734121375514,6.0,test,463
cell-081,fundus_vein_tortuosity_density,cgm_iglu,Ridge,0.006865617863677231,0.005288559559308514,0.001577058304368717,3.0,test,928
cell-081,fundus_vein_tortuosity_density,cgm_iglu,GBDT,0.006147333359693419,0.005288559559308514,0.0008587738003849044,6.0,test,928
cell-081,fundus_vein_tortuosity_density,cgm_iglu,XGBoost,0.006527307650784464,0.005288559559308514,0.0012387480914759497,4.0,test,928
cell-081,fundus_vein_tortuosity_density,cgm_iglu,CatBoost,0.006374052612121761,0.005288559559308514,0.0010854930528132467,5.0,test,928
cell-081,fundus_vein_tortuosity_density,cgm_iglu,RealMLP,0.00525776989043214,0.005288559559308514,-3.078966887637424e-05,7.0,test,928
cell-081,fundus_vein_tortuosity_density,cgm_iglu,TabSwift,0.0018155770480158262,0.005288559559308514,-0.003472982511292688,10.0,test,928
cell-081,fundus_vein_tortuosity_density,cgm_iglu,TabICL,0.0023828594831547534,0.005288559559308514,-0.002905700076153761,9.0,test,928
cell-081,fundus_vein_tortuosity_density,cgm_iglu,TabDPT,0.0009900709159210708,0.005288559559308514,-0.004298488643387444,11.0,test,928
cell-081,fundus_vein_tortuosity_density,cgm_iglu,TabPFN v2,0.007153315264942672,0.005288559559308514,0.001864755705634158,2.0,test,928
cell-081,fundus_vein_tortuosity_density,cgm_iglu,TabFM,0.004110984464567813,0.005288559559308514,-0.0011775750947407015,8.0,test,928
cell-081,fundus_vein_tortuosity_density,cgm_iglu,TabPFN 3.5,0.007633997598411324,0.005288559559308514,0.0023454380391028096,1.0,test,928
cell-082,fundus_vein_tortuosity_density,hpp_curated_panel,Ridge,0.01349606202228626,0.014135322916071336,-0.0006392608937850763,1.0,test,965
cell-082,fundus_vein_tortuosity_density,hpp_curated_panel,GBDT,0.007308913054935751,0.014135322916071336,-0.006826409861135585,9.0,test,965
cell-082,fundus_vein_tortuosity_density,hpp_curated_panel,XGBoost,0.0028656400449817987,0.014135322916071336,-0.011269682871089537,11.0,test,965
cell-082,fundus_vein_tortuosity_density,hpp_curated_panel,CatBoost,0.007315086856933939,0.014135322916071336,-0.006820236059137397,8.0,test,965
cell-082,fundus_vein_tortuosity_density,hpp_curated_panel,RealMLP,0.008610099183267161,0.014135322916071336,-0.005525223732804174,6.0,test,965
cell-082,fundus_vein_tortuosity_density,hpp_curated_panel,TabSwift,0.011149936099050572,0.014135322916071336,-0.002985386817020763,3.0,test,965
cell-082,fundus_vein_tortuosity_density,hpp_curated_panel,TabICL,0.005630944203356969,0.014135322916071336,-0.008504378712714367,10.0,test,965
cell-082,fundus_vein_tortuosity_density,hpp_curated_panel,TabDPT,0.009710626656164623,0.014135322916071336,-0.004424696259906713,5.0,test,965
cell-082,fundus_vein_tortuosity_density,hpp_curated_panel,TabPFN v2,0.01051447128782379,0.014135322916071336,-0.0036208516282475456,4.0,test,965
cell-082,fundus_vein_tortuosity_density,hpp_curated_panel,TabFM,0.008197952048140777,0.014135322916071336,-0.005937370867930558,7.0,test,965
cell-082,fundus_vein_tortuosity_density,hpp_curated_panel,TabPFN 3.5,0.012275944647440529,0.014135322916071336,-0.001859378268630807,2.0,test,965
cell-083,fundus_vein_tortuosity_density,hpp_curated_panel,Ridge,0.014733914044414376,0.01174983628822246,0.0029840777561919163,2.0,test,804
cell-083,fundus_vein_tortuosity_density,hpp_curated_panel,GBDT,0.01604934515068024,0.01174983628822246,0.004299508862457779,1.0,test,804
cell-083,fundus_vein_tortuosity_density,hpp_curated_panel,XGBoost,0.003987249894716216,0.01174983628822246,-0.007762586393506243,11.0,test,804
cell-083,fundus_vein_tortuosity_density,hpp_curated_panel,CatBoost,0.008883308729040196,0.01174983628822246,-0.0028665275591822637,10.0,test,804
cell-083,fundus_vein_tortuosity_density,hpp_curated_panel,RealMLP,0.012398023596276286,0.01174983628822246,0.000648187308053827,7.0,test,804
cell-083,fundus_vein_tortuosity_density,hpp_curated_panel,TabSwift,0.01424406907396758,0.01174983628822246,0.0024942327857451208,4.0,test,804
cell-083,fundus_vein_tortuosity_density,hpp_curated_panel,TabICL,0.014596164216011287,0.01174983628822246,0.0028463279277888276,3.0,test,804
cell-083,fundus_vein_tortuosity_density,hpp_curated_panel,TabDPT,0.013906257357221286,0.01174983628822246,0.002156421068998826,5.0,test,804
cell-083,fundus_vein_tortuosity_density,hpp_curated_panel,TabPFN v2,0.010949204907613086,0.01174983628822246,-0.0008006313806093734,9.0,test,804
cell-083,fundus_vein_tortuosity_density,hpp_curated_panel,TabFM,0.012321853716599107,0.01174983628822246,0.0005720174283766477,8.0,test,804
cell-083,fundus_vein_tortuosity_density,hpp_curated_panel,TabPFN 3.5,0.013454215316531126,0.01174983628822246,0.0017043790283086668,6.0,test,804
cell-084,fundus_vein_tortuosity_density,hpp_curated_panel,Ridge,0.014366621925846479,0.01250106153971009,0.001865560386136389,5.0,test,1038
cell-084,fundus_vein_tortuosity_density,hpp_curated_panel,GBDT,0.011632635427437754,0.01250106153971009,-0.0008684261122723358,10.0,test,1038
cell-084,fundus_vein_tortuosity_density,hpp_curated_panel,XGBoost,0.010924610562792036,0.01250106153971009,-0.0015764509769180535,11.0,test,1038
cell-084,fundus_vein_tortuosity_density,hpp_curated_panel,CatBoost,0.01385948336495113,0.01250106153971009,0.0013584218252410407,6.0,test,1038
cell-084,fundus_vein_tortuosity_density,hpp_curated_panel,RealMLP,0.012533414227386963,0.01250106153971009,3.235268767687316e-05,8.0,test,1038
cell-084,fundus_vein_tortuosity_density,hpp_curated_panel,TabSwift,0.011742779409573467,0.01250106153971009,-0.0007582821301366227,9.0,test,1038
cell-084,fundus_vein_tortuosity_density,hpp_curated_panel,TabICL,0.01851581812992642,0.01250106153971009,0.00601475659021633,1.0,test,1038
cell-084,fundus_vein_tortuosity_density,hpp_curated_panel,TabDPT,0.01638007769282479,0.01250106153971009,0.0038790161531147005,3.0,test,1038
cell-084,fundus_vein_tortuosity_density,hpp_curated_panel,TabPFN v2,0.013542006520707472,0.01250106153971009,0.0010409449809973825,7.0,test,1038
cell-084,fundus_vein_tortuosity_density,hpp_curated_panel,TabFM,0.014399598731734353,0.01250106153971009,0.0018985371920242633,4.0,test,1038
cell-084,fundus_vein_tortuosity_density,hpp_curated_panel,TabPFN 3.5,0.017338261882658856,0.01250106153971009,0.0048372003429487664,2.0,test,1038
cell-085,glyca,hpp_curated_panel,Ridge,0.14021899478859812,0.07089509057934296,0.06932390420925516,11.0,test,439
cell-085,glyca,hpp_curated_panel,GBDT,0.14203767047549087,0.07089509057934296,0.07114257989614792,10.0,test,439
cell-085,glyca,hpp_curated_panel,XGBoost,0.1429853640051313,0.07089509057934296,0.07209027342578833,9.0,test,439
cell-085,glyca,hpp_curated_panel,CatBoost,0.14685304025542623,0.07089509057934296,0.07595794967608327,8.0,test,439
cell-085,glyca,hpp_curated_panel,RealMLP,0.16602921353947975,0.07089509057934296,0.09513412296013679,2.0,test,439
cell-085,glyca,hpp_curated_panel,TabSwift,0.14956197421534656,0.07089509057934296,0.0786668836360036,7.0,test,439
cell-085,glyca,hpp_curated_panel,TabICL,0.1593557564784659,0.07089509057934296,0.08846066589912294,6.0,test,439
cell-085,glyca,hpp_curated_panel,TabDPT,0.16804057236756942,0.07089509057934296,0.09714548178822646,1.0,test,439
cell-085,glyca,hpp_curated_panel,TabPFN v2,0.15998466481810847,0.07089509057934296,0.08908957423876551,5.0,test,439
cell-085,glyca,hpp_curated_panel,TabFM,0.16105734907228586,0.07089509057934296,0.0901622584929429,4.0,test,439
cell-085,glyca,hpp_curated_panel,TabPFN 3.5,0.16549790694001953,0.07089509057934296,0.09460281636067658,3.0,test,439
cell-086,glyca,hpp_curated_panel,Ridge,0.1078883158953563,0.04840504200219631,0.059483273893159994,11.0,test,1006
cell-086,glyca,hpp_curated_panel,GBDT,0.11637289544475704,0.04840504200219631,0.06796785344256073,8.0,test,1006
cell-086,glyca,hpp_curated_panel,XGBoost,0.110699179401331,0.04840504200219631,0.0622941373991347,10.0,test,1006
cell-086,glyca,hpp_curated_panel,CatBoost,0.1176170054199589,0.04840504200219631,0.06921196341776259,7.0,test,1006
cell-086,glyca,hpp_curated_panel,RealMLP,0.11484720264094472,0.04840504200219631,0.06644216063874842,9.0,test,1006
cell-086,glyca,hpp_curated_panel,TabSwift,0.11959832466715226,0.04840504200219631,0.07119328266495595,6.0,test,1006
cell-086,glyca,hpp_curated_panel,TabICL,0.12963159541173552,0.04840504200219631,0.08122655340953921,2.0,test,1006
cell-086,glyca,hpp_curated_panel,TabDPT,0.12152432186967754,0.04840504200219631,0.07311927986748123,5.0,test,1006
cell-086,glyca,hpp_curated_panel,TabPFN v2,0.12182043324323699,0.04840504200219631,0.07341539124104068,4.0,test,1006
cell-086,glyca,hpp_curated_panel,TabFM,0.13084122874216442,0.04840504200219631,0.08243618673996811,1.0,test,1006
cell-086,glyca,hpp_curated_panel,TabPFN 3.5,0.12753037261791922,0.04840504200219631,0.07912533061572291,3.0,test,1006
cell-087,glycine_nmr,hpp_curated_panel,Ridge,0.14572790236938138,0.12613757499347478,0.019590327375906602,7.0,test,1006
cell-087,glycine_nmr,hpp_curated_panel,GBDT,0.14433121604885057,0.12613757499347478,0.018193641055375798,9.0,test,1006
cell-087,glycine_nmr,hpp_curated_panel,XGBoost,0.13728269770725932,0.12613757499347478,0.011145122713784539,11.0,test,1006
cell-087,glycine_nmr,hpp_curated_panel,CatBoost,0.14483030338720226,0.12613757499347478,0.018692728393727487,8.0,test,1006
cell-087,glycine_nmr,hpp_curated_panel,RealMLP,0.1470991322096009,0.12613757499347478,0.020961557216126137,6.0,test,1006
cell-087,glycine_nmr,hpp_curated_panel,TabSwift,0.1426759956016248,0.12613757499347478,0.01653842060815003,10.0,test,1006
cell-087,glycine_nmr,hpp_curated_panel,TabICL,0.15501752690576664,0.12613757499347478,0.028879951912291868,1.0,test,1006
cell-087,glycine_nmr,hpp_curated_panel,TabDPT,0.15257228931103828,0.12613757499347478,0.0264347143175635,2.0,test,1006
cell-087,glycine_nmr,hpp_curated_panel,TabPFN v2,0.14763929484092508,0.12613757499347478,0.021501719847450307,4.0,test,1006
cell-087,glycine_nmr,hpp_curated_panel,TabFM,0.1502184428962101,0.12613757499347478,0.024080867902735337,3.0,test,1006
cell-087,glycine_nmr,hpp_curated_panel,TabPFN 3.5,0.14743931714548797,0.12613757499347478,0.021301742152013192,5.0,test,1006
cell-088,glycine_nmr,cgm_iglu,Ridge,0.15084162638014875,0.13553908134417902,0.015302545035969728,11.0,test,1403
cell-088,glycine_nmr,cgm_iglu,GBDT,0.15177323451051694,0.13553908134417902,0.016234153166337917,10.0,test,1403
cell-088,glycine_nmr,cgm_iglu,XGBoost,0.15330134676743767,0.13553908134417902,0.01776226542325865,9.0,test,1403
cell-088,glycine_nmr,cgm_iglu,CatBoost,0.15443368194320406,0.13553908134417902,0.018894600599025035,7.0,test,1403
cell-088,glycine_nmr,cgm_iglu,RealMLP,0.1550185962970485,0.13553908134417902,0.01947951495286948,6.0,test,1403
cell-088,glycine_nmr,cgm_iglu,TabSwift,0.15351843000666143,0.13553908134417902,0.01797934866248241,8.0,test,1403
cell-088,glycine_nmr,cgm_iglu,TabICL,0.16634695335226246,0.13553908134417902,0.030807872008083437,1.0,test,1403
cell-088,glycine_nmr,cgm_iglu,TabDPT,0.16018911009054126,0.13553908134417902,0.02465002874636224,5.0,test,1403
cell-088,glycine_nmr,cgm_iglu,TabPFN v2,0.1605968440541835,0.13553908134417902,0.025057762710004483,4.0,test,1403
cell-088,glycine_nmr,cgm_iglu,TabFM,0.16385558768005526,0.13553908134417902,0.028316506335876235,2.0,test,1403
cell-088,glycine_nmr,cgm_iglu,TabPFN 3.5,0.16148212430973163,0.13553908134417902,0.02594304296555261,3.0,test,1403
cell-089,hdl_nmr,hpp_curated_panel,Ridge,0.20385112618312806,0.17884846790386855,0.025002658279259515,11.0,test,289
cell-089,hdl_nmr,hpp_curated_panel,GBDT,0.23536663311239903,0.17884846790386855,0.05651816520853048,5.0,test,289
cell-089,hdl_nmr,hpp_curated_panel,XGBoost,0.23884827107846673,0.17884846790386855,0.05999980317459819,3.0,test,289
cell-089,hdl_nmr,hpp_curated_panel,CatBoost,0.23355225045238615,0.17884846790386855,0.0547037825485176,7.0,test,289
cell-089,hdl_nmr,hpp_curated_panel,RealMLP,0.23444489714644,0.17884846790386855,0.055596429242571466,6.0,test,289
cell-089,hdl_nmr,hpp_curated_panel,TabSwift,0.24135501594765352,0.17884846790386855,0.06250654804378497,1.0,test,289
cell-089,hdl_nmr,hpp_curated_panel,TabICL,0.2310051599339359,0.17884846790386855,0.05215669203006734,10.0,test,289
cell-089,hdl_nmr,hpp_curated_panel,TabDPT,0.23868495155697356,0.17884846790386855,0.05983648365310501,4.0,test,289
cell-089,hdl_nmr,hpp_curated_panel,TabPFN v2,0.2402830315503438,0.17884846790386855,0.06143456364647526,2.0,test,289
cell-089,hdl_nmr,hpp_curated_panel,TabFM,0.23149773310953925,0.17884846790386855,0.0526492652056707,9.0,test,289
cell-089,hdl_nmr,hpp_curated_panel,TabPFN 3.5,0.23310806093058645,0.17884846790386855,0.0542595930267179,8.0,test,289
cell-090,hdl_nmr,cgm_iglu,Ridge,0.14081295628591073,0.13679317104155608,0.004019785244354646,9.0,test,528
cell-090,hdl_nmr,cgm_iglu,GBDT,0.13259535849398185,0.13679317104155608,-0.004197812547574231,11.0,test,528
cell-090,hdl_nmr,cgm_iglu,XGBoost,0.14972207260252435,0.13679317104155608,0.012928901560968264,7.0,test,528
cell-090,hdl_nmr,cgm_iglu,CatBoost,0.15127347138442715,0.13679317104155608,0.014480300342871066,5.0,test,528
cell-090,hdl_nmr,cgm_iglu,RealMLP,0.13806433372485216,0.13679317104155608,0.0012711626832960787,10.0,test,528
cell-090,hdl_nmr,cgm_iglu,TabSwift,0.1470452703421773,0.13679317104155608,0.010252099300621209,8.0,test,528
cell-090,hdl_nmr,cgm_iglu,TabICL,0.15584247413756214,0.13679317104155608,0.019049303096006054,1.0,test,528
cell-090,hdl_nmr,cgm_iglu,TabDPT,0.15188229615378068,0.13679317104155608,0.0150891251122246,4.0,test,528
cell-090,hdl_nmr,cgm_iglu,TabPFN v2,0.15229487268118347,0.13679317104155608,0.015501701639627385,3.0,test,528
cell-090,hdl_nmr,cgm_iglu,TabFM,0.1526953984619489,0.13679317104155608,0.015902227420392823,2.0,test,528
cell-090,hdl_nmr,cgm_iglu,TabPFN 3.5,0.15113517658037168,0.13679317104155608,0.014342005538815594,6.0,test,528
cell-091,hdl_nmr,hpp_curated_panel,Ridge,0.24722241901694453,0.16916134168963548,0.07806107732730905,11.0,test,1006
cell-091,hdl_nmr,hpp_curated_panel,GBDT,0.2509165436231663,0.16916134168963548,0.08175520193353081,10.0,test,1006
cell-091,hdl_nmr,hpp_curated_panel,XGBoost,0.2552063591406647,0.16916134168963548,0.08604501745102922,9.0,test,1006
cell-091,hdl_nmr,hpp_curated_panel,CatBoost,0.2600153084407487,0.16916134168963548,0.09085396675111324,8.0,test,1006
cell-091,hdl_nmr,hpp_curated_panel,RealMLP,0.26199273277014756,0.16916134168963548,0.09283139108051208,7.0,test,1006
cell-091,hdl_nmr,hpp_curated_panel,TabSwift,0.26983038322749964,0.16916134168963548,0.10066904153786416,5.0,test,1006
cell-091,hdl_nmr,hpp_curated_panel,TabICL,0.27192211639798114,0.16916134168963548,0.10276077470834566,3.0,test,1006
cell-091,hdl_nmr,hpp_curated_panel,TabDPT,0.2727009578977916,0.16916134168963548,0.1035396162081561,1.0,test,1006
cell-091,hdl_nmr,hpp_curated_panel,TabPFN v2,0.27134638582088555,0.16916134168963548,0.10218504413125007,4.0,test,1006
cell-091,hdl_nmr,hpp_curated_panel,TabFM,0.272017920939593,0.16916134168963548,0.1028565792499575,2.0,test,1006
cell-091,hdl_nmr,hpp_curated_panel,TabPFN 3.5,0.2694143912706203,0.16916134168963548,0.1002530495809848,6.0,test,1006
cell-092,hdl_nmr,cgm_iglu,Ridge,0.22890552205502446,0.19548374376004252,0.03342177829498194,11.0,test,1400
cell-092,hdl_nmr,cgm_iglu,GBDT,0.23177711704277282,0.19548374376004252,0.0362933732827303,10.0,test,1400
cell-092,hdl_nmr,cgm_iglu,XGBoost,0.24127029517891285,0.19548374376004252,0.045786551418870336,8.0,test,1400
cell-092,hdl_nmr,cgm_iglu,CatBoost,0.24110029585086135,0.19548374376004252,0.04561655209081883,9.0,test,1400
cell-092,hdl_nmr,cgm_iglu,RealMLP,0.24518412421881053,0.19548374376004252,0.04970038045876801,7.0,test,1400
cell-092,hdl_nmr,cgm_iglu,TabSwift,0.24672424445441798,0.19548374376004252,0.05124050069437547,6.0,test,1400
cell-092,hdl_nmr,cgm_iglu,TabICL,0.254019294429891,0.19548374376004252,0.0585355506698485,3.0,test,1400
cell-092,hdl_nmr,cgm_iglu,TabDPT,0.2540582443271807,0.19548374376004252,0.0585745005671382,2.0,test,1400
cell-092,hdl_nmr,cgm_iglu,TabPFN v2,0.25475352820198516,0.19548374376004252,0.05926978444194264,1.0,test,1400
cell-092,hdl_nmr,cgm_iglu,TabFM,0.2508398315148833,0.19548374376004252,0.0553560877548408,5.0,test,1400
cell-092,hdl_nmr,cgm_iglu,TabPFN 3.5,0.25372517569492836,0.19548374376004252,0.058241431934885846,4.0,test,1400
cell-093,hemoglobin,hpp_curated_panel,Ridge,0.47033254978964534,0.44517793794588933,0.025154611843756003,2.0,test,438
cell-093,hemoglobin,hpp_curated_panel,GBDT,0.46872697299558275,0.44517793794588933,0.023549035049693412,4.0,test,438
cell-093,hemoglobin,hpp_curated_panel,XGBoost,0.45681172038266826,0.44517793794588933,0.011633782436778928,11.0,test,438
cell-093,hemoglobin,hpp_curated_panel,CatBoost,0.45860781424584696,0.44517793794588933,0.013429876299957622,10.0,test,438
cell-093,hemoglobin,hpp_curated_panel,RealMLP,0.4640163747834891,0.44517793794588933,0.01883843683759978,7.0,test,438
cell-093,hemoglobin,hpp_curated_panel,TabSwift,0.465176831175273,0.44517793794588933,0.01999889322938364,5.0,test,438
cell-093,hemoglobin,hpp_curated_panel,TabICL,0.46462319130257945,0.44517793794588933,0.019445253356690118,6.0,test,438
cell-093,hemoglobin,hpp_curated_panel,TabDPT,0.4770788045528369,0.44517793794588933,0.031900866606947575,1.0,test,438
cell-093,hemoglobin,hpp_curated_panel,TabPFN v2,0.4615938958524278,0.44517793794588933,0.016415957906538492,8.0,test,438
cell-093,hemoglobin,hpp_curated_panel,TabFM,0.45975029456514416,0.44517793794588933,0.014572356619254823,9.0,test,438
cell-093,hemoglobin,hpp_curated_panel,TabPFN 3.5,0.46981339689536605,0.44517793794588933,0.02463545894947672,3.0,test,438
cell-094,hemoglobin,hpp_curated_panel,Ridge,0.46314483483671265,0.44614574612203917,0.016999088714673483,10.0,test,687
cell-094,hemoglobin,hpp_curated_panel,GBDT,0.45923400115846713,0.44614574612203917,0.013088255036427965,11.0,test,687
cell-094,hemoglobin,hpp_curated_panel,XGBoost,0.4667900976624376,0.44614574612203917,0.020644351540398453,8.0,test,687
cell-094,hemoglobin,hpp_curated_panel,CatBoost,0.46642156443425753,0.44614574612203917,0.020275818312218363,9.0,test,687
cell-094,hemoglobin,hpp_curated_panel,RealMLP,0.4761653223172394,0.44614574612203917,0.030019576195200237,1.0,test,687
cell-094,hemoglobin,hpp_curated_panel,TabSwift,0.4718377118242957,0.44614574612203917,0.025691965702256514,3.0,test,687
cell-094,hemoglobin,hpp_curated_panel,TabICL,0.46905945370450264,0.44614574612203917,0.02291370758246347,6.0,test,687
cell-094,hemoglobin,hpp_curated_panel,TabDPT,0.4706096256112866,0.44614574612203917,0.024463879489247442,5.0,test,687
cell-094,hemoglobin,hpp_curated_panel,TabPFN v2,0.4723265218983872,0.44614574612203917,0.02618077577634803,2.0,test,687
cell-094,hemoglobin,hpp_curated_panel,TabFM,0.4674376228189665,0.44614574612203917,0.021291876696927337,7.0,test,687
cell-094,hemoglobin,hpp_curated_panel,TabPFN 3.5,0.471292118729277,0.44614574612203917,0.025146372607237844,4.0,test,687
cell-095,ldl,cgm_iglu,Ridge,0.009785249749376335,0.02487294731199341,-0.015087697562617075,10.0,test,483
cell-095,ldl,cgm_iglu,GBDT,0.005447860978571639,0.02487294731199341,-0.01942508633342177,11.0,test,483
cell-095,ldl,cgm_iglu,XGBoost,0.029518900100102163,0.02487294731199341,0.004645952788108754,5.0,test,483
cell-095,ldl,cgm_iglu,CatBoost,0.028031872465599683,0.02487294731199341,0.0031589251536062735,8.0,test,483
cell-095,ldl,cgm_iglu,RealMLP,0.03936758255139161,0.02487294731199341,0.014494635239398201,3.0,test,483
cell-095,ldl,cgm_iglu,TabSwift,0.02803517666469768,0.02487294731199341,0.003162229352704271,7.0,test,483
cell-095,ldl,cgm_iglu,TabICL,0.028614371234740754,0.02487294731199341,0.0037414239227473445,6.0,test,483
cell-095,ldl,cgm_iglu,TabDPT,0.03482078313841008,0.02487294731199341,0.009947835826416673,4.0,test,483
cell-095,ldl,cgm_iglu,TabPFN v2,0.020381878173946655,0.02487294731199341,-0.004491069138046755,9.0,test,483
cell-095,ldl,cgm_iglu,TabFM,0.059017739688925874,0.02487294731199341,0.034144792376932465,2.0,test,483
cell-095,ldl,cgm_iglu,TabPFN 3.5,0.06062987410781773,0.02487294731199341,0.03575692679582432,1.0,test,483
cell-096,ldl,hpp_curated_panel,Ridge,0.015804299374010067,0.011551638541121068,0.004252660832888999,10.0,test,288
cell-096,ldl,hpp_curated_panel,GBDT,0.009827124297247858,0.011551638541121068,-0.0017245142438732097,11.0,test,288
cell-096,ldl,hpp_curated_panel,XGBoost,0.023489780639970648,0.011551638541121068,0.01193814209884958,9.0,test,288
cell-096,ldl,hpp_curated_panel,CatBoost,0.025732850949824138,0.011551638541121068,0.01418121240870307,7.0,test,288
cell-096,ldl,hpp_curated_panel,RealMLP,0.034896936078431695,0.011551638541121068,0.023345297537310628,4.0,test,288
cell-096,ldl,hpp_curated_panel,TabSwift,0.030783502520864925,0.011551638541121068,0.019231863979743857,5.0,test,288
cell-096,ldl,hpp_curated_panel,TabICL,0.02453449229765392,0.011551638541121068,0.012982853756532853,8.0,test,288
cell-096,ldl,hpp_curated_panel,TabDPT,0.03772783761975096,0.011551638541121068,0.02617619907862989,3.0,test,288
cell-096,ldl,hpp_curated_panel,TabPFN v2,0.038609820193543976,0.011551638541121068,0.027058181652422908,2.0,test,288
cell-096,ldl,hpp_curated_panel,TabFM,0.03019312580778377,0.011551638541121068,0.018641487266662704,6.0,test,288
cell-096,ldl,hpp_curated_panel,TabPFN 3.5,0.0420828131368548,0.011551638541121068,0.030531174595733734,1.0,test,288
cell-097,ldl_nmr,cgm_iglu,Ridge,0.06386481574110126,0.006701768072870151,0.057163047668231104,11.0,test,1400
cell-097,ldl_nmr,cgm_iglu,GBDT,0.08480933497804899,0.006701768072870151,0.07810756690517884,10.0,test,1400
cell-097,ldl_nmr,cgm_iglu,XGBoost,0.0881451946751991,0.006701768072870151,0.08144342660232895,9.0,test,1400
cell-097,ldl_nmr,cgm_iglu,CatBoost,0.0981761280695791,0.006701768072870151,0.09147435999670894,7.0,test,1400
cell-097,ldl_nmr,cgm_iglu,RealMLP,0.10619151905743074,0.006701768072870151,0.09948975098456059,5.0,test,1400
cell-097,ldl_nmr,cgm_iglu,TabSwift,0.09878155852376203,0.006701768072870151,0.09207979045089187,6.0,test,1400
cell-097,ldl_nmr,cgm_iglu,TabICL,0.09245028422565771,0.006701768072870151,0.08574851615278756,8.0,test,1400
cell-097,ldl_nmr,cgm_iglu,TabDPT,0.11224620653141293,0.006701768072870151,0.10554443845854278,3.0,test,1400
cell-097,ldl_nmr,cgm_iglu,TabPFN v2,0.10738933536653339,0.006701768072870151,0.10068756729366324,4.0,test,1400
cell-097,ldl_nmr,cgm_iglu,TabFM,0.11474223998738275,0.006701768072870151,0.1080404719145126,2.0,test,1400
cell-097,ldl_nmr,cgm_iglu,TabPFN 3.5,0.11949441968814034,0.006701768072870151,0.11279265161527019,1.0,test,1400
cell-098,ldl_nmr,hpp_curated_panel,Ridge,0.006459670157233255,0.00637459349927727,8.507665795598474e-05,11.0,test,1006
cell-098,ldl_nmr,hpp_curated_panel,GBDT,0.027875370155389323,0.00637459349927727,0.021500776656112053,9.0,test,1006
cell-098,ldl_nmr,hpp_curated_panel,XGBoost,0.02537482748021147,0.00637459349927727,0.0190002339809342,10.0,test,1006
cell-098,ldl_nmr,hpp_curated_panel,CatBoost,0.03954999207503884,0.00637459349927727,0.03317539857576157,5.0,test,1006
cell-098,ldl_nmr,hpp_curated_panel,RealMLP,0.03564798371543587,0.00637459349927727,0.0292733902161586,7.0,test,1006
cell-098,ldl_nmr,hpp_curated_panel,TabSwift,0.04165316537706587,0.00637459349927727,0.0352785718777886,3.0,test,1006
cell-098,ldl_nmr,hpp_curated_panel,TabICL,0.04183451315810638,0.00637459349927727,0.03545991965882911,2.0,test,1006
cell-098,ldl_nmr,hpp_curated_panel,TabDPT,0.03986589884566183,0.00637459349927727,0.03349130534638456,4.0,test,1006
cell-098,ldl_nmr,hpp_curated_panel,TabPFN v2,0.03630132982076184,0.00637459349927727,0.02992673632148457,6.0,test,1006
cell-098,ldl_nmr,hpp_curated_panel,TabFM,0.034399011218647524,0.00637459349927727,0.028024417719370254,8.0,test,1006
cell-098,ldl_nmr,hpp_curated_panel,TabPFN 3.5,0.04349181044570727,0.00637459349927727,0.03711721694643,1.0,test,1006
cell-099,lean_body_mass,hpp_curated_panel,Ridge,0.7751417532963714,0.7738710184166316,0.001270734879739721,11.0,test,1014
cell-099,lean_body_mass,hpp_curated_panel,GBDT,0.7791835489663002,0.7738710184166316,0.005312530549668515,10.0,test,1014
cell-099,lean_body_mass,hpp_curated_panel,XGBoost,0.7800321952895868,0.7738710184166316,0.006161176872955143,9.0,test,1014
cell-099,lean_body_mass,hpp_curated_panel,CatBoost,0.7831687592101386,0.7738710184166316,0.009297740793506981,7.0,test,1014
cell-099,lean_body_mass,hpp_curated_panel,RealMLP,0.7835149297884507,0.7738710184166316,0.00964391137181908,6.0,test,1014
cell-099,lean_body_mass,hpp_curated_panel,TabSwift,0.7841260466717467,0.7738710184166316,0.01025502825511504,5.0,test,1014
cell-099,lean_body_mass,hpp_curated_panel,TabICL,0.7852410498031623,0.7738710184166316,0.011370031386530699,3.0,test,1014
cell-099,lean_body_mass,hpp_curated_panel,TabDPT,0.7855961127991029,0.7738710184166316,0.011725094382471268,2.0,test,1014
cell-099,lean_body_mass,hpp_curated_panel,TabPFN v2,0.7825524184129667,0.7738710184166316,0.008681399996335104,8.0,test,1014
cell-099,lean_body_mass,hpp_curated_panel,TabFM,0.7850756163310267,0.7738710184166316,0.011204597914395098,4.0,test,1014
cell-099,lean_body_mass,hpp_curated_panel,TabPFN 3.5,0.7859115767804272,0.7738710184166316,0.012040558363795584,1.0,test,1014
cell-100,lean_body_mass,hpp_curated_panel,Ridge,0.7599179415132293,0.7583410496858256,0.0015768918274037258,11.0,test,862
cell-100,lean_body_mass,hpp_curated_panel,GBDT,0.7652149375180377,0.7583410496858256,0.0068738878322121,10.0,test,862
cell-100,lean_body_mass,hpp_curated_panel,XGBoost,0.766185226769554,0.7583410496858256,0.00784417708372842,9.0,test,862
cell-100,lean_body_mass,hpp_curated_panel,CatBoost,0.7675823731215988,0.7583410496858256,0.009241323435773219,8.0,test,862
cell-100,lean_body_mass,hpp_curated_panel,RealMLP,0.7708007735043942,0.7583410496858256,0.012459723818568635,3.0,test,862
cell-100,lean_body_mass,hpp_curated_panel,TabSwift,0.769470737182886,0.7583410496858256,0.011129687497060448,6.0,test,862
cell-100,lean_body_mass,hpp_curated_panel,TabICL,0.7698939821393729,0.7583410496858256,0.011552932453547271,5.0,test,862
cell-100,lean_body_mass,hpp_curated_panel,TabDPT,0.7724421529790557,0.7583410496858256,0.01410110329323011,1.0,test,862
cell-100,lean_body_mass,hpp_curated_panel,TabPFN v2,0.7687953248961299,0.7583410496858256,0.010454275210304287,7.0,test,862
cell-100,lean_body_mass,hpp_curated_panel,TabFM,0.7714421804879454,0.7583410496858256,0.013101130802119831,2.0,test,862
cell-100,lean_body_mass,hpp_curated_panel,TabPFN 3.5,0.7705401760113146,0.7583410496858256,0.01219912632548903,4.0,test,862
cell-101,liver_attenuation,hpp_curated_panel,Ridge,0.1301710881735031,0.07670027082833575,0.05347081734516734,5.0,test,1284
cell-101,liver_attenuation,hpp_curated_panel,GBDT,0.1132559853103452,0.07670027082833575,0.03655571448200945,11.0,test,1284
cell-101,liver_attenuation,hpp_curated_panel,XGBoost,0.11415532800306571,0.07670027082833575,0.03745505717472997,10.0,test,1284
cell-101,liver_attenuation,hpp_curated_panel,CatBoost,0.12176340664883023,0.07670027082833575,0.04506313582049448,9.0,test,1284
cell-101,liver_attenuation,hpp_curated_panel,RealMLP,0.12769189363638678,0.07670027082833575,0.05099162280805103,7.0,test,1284
cell-101,liver_attenuation,hpp_curated_panel,TabSwift,0.12955795686509253,0.07670027082833575,0.05285768603675678,6.0,test,1284
cell-101,liver_attenuation,hpp_curated_panel,TabICL,0.13363452708293222,0.07670027082833575,0.05693425625459647,3.0,test,1284
cell-101,liver_attenuation,hpp_curated_panel,TabDPT,0.13327889831538786,0.07670027082833575,0.05657862748705211,4.0,test,1284
cell-101,liver_attenuation,hpp_curated_panel,TabPFN v2,0.12661934480935466,0.07670027082833575,0.04991907398101891,8.0,test,1284
cell-101,liver_attenuation,hpp_curated_panel,TabFM,0.1339901235405967,0.07670027082833575,0.05728985271226095,1.0,test,1284
cell-101,liver_attenuation,hpp_curated_panel,TabPFN 3.5,0.1338665900261905,0.07670027082833575,0.057166319197854754,2.0,test,1284
cell-102,liver_attenuation,hpp_curated_panel,Ridge,0.13067007178134094,0.08375034786243463,0.04691972391890631,4.0,test,1066
cell-102,liver_attenuation,hpp_curated_panel,GBDT,0.10064013502295721,0.08375034786243463,0.016889787160522585,11.0,test,1066
cell-102,liver_attenuation,hpp_curated_panel,XGBoost,0.10415302932368353,0.08375034786243463,0.020402681461248906,10.0,test,1066
cell-102,liver_attenuation,hpp_curated_panel,CatBoost,0.10703861122308256,0.08375034786243463,0.02328826336064793,9.0,test,1066
cell-102,liver_attenuation,hpp_curated_panel,RealMLP,0.1148282760064927,0.08375034786243463,0.031077928144058076,8.0,test,1066
cell-102,liver_attenuation,hpp_curated_panel,TabSwift,0.1184326262021832,0.08375034786243463,0.03468227833974857,6.0,test,1066
cell-102,liver_attenuation,hpp_curated_panel,TabICL,0.13538170167031982,0.08375034786243463,0.051631353807885194,3.0,test,1066
cell-102,liver_attenuation,hpp_curated_panel,TabDPT,0.12690742000364874,0.08375034786243463,0.043157072141214115,5.0,test,1066
cell-102,liver_attenuation,hpp_curated_panel,TabPFN v2,0.11685512831218414,0.08375034786243463,0.033104780449749516,7.0,test,1066
cell-102,liver_attenuation,hpp_curated_panel,TabFM,0.13936880112715466,0.08375034786243463,0.055618453264720036,2.0,test,1066
cell-102,liver_attenuation,hpp_curated_panel,TabPFN 3.5,0.14241625143184866,0.08375034786243463,0.058665903569414035,1.0,test,1066
cell-103,liver_stiffness,hpp_curated_panel,Ridge,0.12001981289950836,0.1020963635443739,0.017923449355134458,6.0,test,1067
cell-103,liver_stiffness,hpp_curated_panel,GBDT,0.11615586700002967,0.1020963635443739,0.014059503455655764,7.0,test,1067
cell-103,liver_stiffness,hpp_curated_panel,XGBoost,0.11453931877760226,0.1020963635443739,0.012442955233228359,8.0,test,1067
cell-103,liver_stiffness,hpp_curated_panel,CatBoost,0.10936174721822334,0.1020963635443739,0.007265383673849435,11.0,test,1067
cell-103,liver_stiffness,hpp_curated_panel,RealMLP,0.12793282294353014,0.1020963635443739,0.025836459399156242,3.0,test,1067
cell-103,liver_stiffness,hpp_curated_panel,TabSwift,0.1135736545794076,0.1020963635443739,0.011477291035033699,9.0,test,1067
cell-103,liver_stiffness,hpp_curated_panel,TabICL,0.10968411576663317,0.1020963635443739,0.00758775222225927,10.0,test,1067
cell-103,liver_stiffness,hpp_curated_panel,TabDPT,0.1272602022119117,0.1020963635443739,0.025163838667537797,4.0,test,1067
cell-103,liver_stiffness,hpp_curated_panel,TabPFN v2,0.12020632271598086,0.1020963635443739,0.01810995917160696,5.0,test,1067
cell-103,liver_stiffness,hpp_curated_panel,TabFM,0.13067476522382915,0.1020963635443739,0.028578401679455245,2.0,test,1067
cell-103,liver_stiffness,hpp_curated_panel,TabPFN 3.5,0.13148217705143705,0.1020963635443739,0.029385813507063152,1.0,test,1067
cell-104,liver_stiffness,hpp_curated_panel,Ridge,0.10284410331686544,0.08568206890125973,0.01716203441560571,11.0,test,1286
cell-104,liver_stiffness,hpp_curated_panel,GBDT,0.11365872777316333,0.08568206890125973,0.027976658871903592,4.0,test,1286
cell-104,liver_stiffness,hpp_curated_panel,XGBoost,0.11013321855358704,0.08568206890125973,0.02445114965232731,7.0,test,1286
cell-104,liver_stiffness,hpp_curated_panel,CatBoost,0.10996442390370964,0.08568206890125973,0.024282355002449907,8.0,test,1286
cell-104,liver_stiffness,hpp_curated_panel,RealMLP,0.1143797833608301,0.08568206890125973,0.028697714459570367,3.0,test,1286
cell-104,liver_stiffness,hpp_curated_panel,TabSwift,0.10607462829042968,0.08568206890125973,0.02039255938916995,10.0,test,1286
cell-104,liver_stiffness,hpp_curated_panel,TabICL,0.10831361962087693,0.08568206890125973,0.0226315507196172,9.0,test,1286
cell-104,liver_stiffness,hpp_curated_panel,TabDPT,0.11633095338064203,0.08568206890125973,0.0306488844793823,2.0,test,1286
cell-104,liver_stiffness,hpp_curated_panel,TabPFN v2,0.11282402558554216,0.08568206890125973,0.02714195668428243,5.0,test,1286
cell-104,liver_stiffness,hpp_curated_panel,TabFM,0.11265224302696586,0.08568206890125973,0.026970174125706126,6.0,test,1286
cell-104,liver_stiffness,hpp_curated_panel,TabPFN 3.5,0.11949317984198538,0.08568206890125973,0.03381111094072564,1.0,test,1286
cell-105,maximum_bilateral_grip_strength,hpp_curated_panel,Ridge,0.6833317095425103,0.6825876596040151,0.0007440499384951949,10.0,test,779
cell-105,maximum_bilateral_grip_strength,hpp_curated_panel,GBDT,0.6868212107905352,0.6825876596040151,0.004233551186520024,9.0,test,779
cell-105,maximum_bilateral_grip_strength,hpp_curated_panel,XGBoost,0.6831405819909357,0.6825876596040151,0.0005529223869206179,11.0,test,779
cell-105,maximum_bilateral_grip_strength,hpp_curated_panel,CatBoost,0.6877297075779414,0.6825876596040151,0.005142047973926256,7.0,test,779
cell-105,maximum_bilateral_grip_strength,hpp_curated_panel,RealMLP,0.6903149222585582,0.6825876596040151,0.007727262654543043,1.0,test,779
cell-105,maximum_bilateral_grip_strength,hpp_curated_panel,TabSwift,0.6881807788994312,0.6825876596040151,0.00559311929541606,5.0,test,779
cell-105,maximum_bilateral_grip_strength,hpp_curated_panel,TabICL,0.6872660176100671,0.6825876596040151,0.004678358006051986,8.0,test,779
cell-105,maximum_bilateral_grip_strength,hpp_curated_panel,TabDPT,0.6883083893371894,0.6825876596040151,0.005720729733174279,4.0,test,779
cell-105,maximum_bilateral_grip_strength,hpp_curated_panel,TabPFN v2,0.6885754725781965,0.6825876596040151,0.0059878129741813835,3.0,test,779
cell-105,maximum_bilateral_grip_strength,hpp_curated_panel,TabFM,0.6881506091062561,0.6825876596040151,0.00556294950224101,6.0,test,779
cell-105,maximum_bilateral_grip_strength,hpp_curated_panel,TabPFN 3.5,0.6901874975091418,0.6825876596040151,0.0075998379051266385,2.0,test,779
cell-106,maximum_bilateral_grip_strength,hpp_curated_panel,Ridge,0.6583447013330526,0.6565050017655221,0.001839699567530495,11.0,test,1532
cell-106,maximum_bilateral_grip_strength,hpp_curated_panel,GBDT,0.6630169288008783,0.6565050017655221,0.006511927035356191,9.0,test,1532
cell-106,maximum_bilateral_grip_strength,hpp_curated_panel,XGBoost,0.6621437890541179,0.6565050017655221,0.005638787288595792,10.0,test,1532
cell-106,maximum_bilateral_grip_strength,hpp_curated_panel,CatBoost,0.6669316547714935,0.6565050017655221,0.010426653005971454,8.0,test,1532
cell-106,maximum_bilateral_grip_strength,hpp_curated_panel,RealMLP,0.6678254975964182,0.6565050017655221,0.011320495830896116,4.0,test,1532
cell-106,maximum_bilateral_grip_strength,hpp_curated_panel,TabSwift,0.6677726756014415,0.6565050017655221,0.011267673835919423,6.0,test,1532
cell-106,maximum_bilateral_grip_strength,hpp_curated_panel,TabICL,0.6676541034142488,0.6565050017655221,0.011149101648726734,7.0,test,1532
cell-106,maximum_bilateral_grip_strength,hpp_curated_panel,TabDPT,0.6678217996289393,0.6565050017655221,0.011316797863417216,5.0,test,1532
cell-106,maximum_bilateral_grip_strength,hpp_curated_panel,TabPFN v2,0.6680956139136585,0.6565050017655221,0.011590612148136392,3.0,test,1532
cell-106,maximum_bilateral_grip_strength,hpp_curated_panel,TabFM,0.6691213303078232,0.6565050017655221,0.012616328542301103,2.0,test,1532
cell-106,maximum_bilateral_grip_strength,hpp_curated_panel,TabPFN 3.5,0.6702881932294787,0.6565050017655221,0.013783191463956679,1.0,test,1532
cell-107,mean_ankle_pressure,fundus_automorph_features,Ridge,0.3377970720713428,0.24813673394324942,0.08966033812809338,7.0,test,1177
cell-107,mean_ankle_pressure,fundus_automorph_features,GBDT,0.32946084873415415,0.24813673394324942,0.08132411479090473,9.0,test,1177
cell-107,mean_ankle_pressure,fundus_automorph_features,XGBoost,0.31954041776635767,0.24813673394324942,0.07140368382310824,11.0,test,1177
cell-107,mean_ankle_pressure,fundus_automorph_features,CatBoost,0.32899318915121356,0.24813673394324942,0.08085645520796414,10.0,test,1177
cell-107,mean_ankle_pressure,fundus_automorph_features,RealMLP,0.33474400510899927,0.24813673394324942,0.08660727116574984,8.0,test,1177
cell-107,mean_ankle_pressure,fundus_automorph_features,TabSwift,0.33891342273747616,0.24813673394324942,0.09077668879422673,4.0,test,1177
cell-107,mean_ankle_pressure,fundus_automorph_features,TabICL,0.3409398880337471,0.24813673394324942,0.09280315409049766,1.0,test,1177
cell-107,mean_ankle_pressure,fundus_automorph_features,TabDPT,0.33848104343477414,0.24813673394324942,0.09034430949152472,6.0,test,1177
cell-107,mean_ankle_pressure,fundus_automorph_features,TabPFN v2,0.33961079001956906,0.24813673394324942,0.09147405607631964,3.0,test,1177
cell-107,mean_ankle_pressure,fundus_automorph_features,TabFM,0.34079076390025453,0.24813673394324942,0.09265402995700511,2.0,test,1177
cell-107,mean_ankle_pressure,fundus_automorph_features,TabPFN 3.5,0.33873252001114085,0.24813673394324942,0.09059578606789143,5.0,test,1177
cell-108,mean_ankle_pressure,hpp_curated_panel,Ridge,0.24488787881521779,0.23324149416144968,0.011646384653768105,2.0,test,1308
cell-108,mean_ankle_pressure,hpp_curated_panel,GBDT,0.2227641315740363,0.23324149416144968,-0.010477362587413386,10.0,test,1308
cell-108,mean_ankle_pressure,hpp_curated_panel,XGBoost,0.2166742321564823,0.23324149416144968,-0.016567262004967387,11.0,test,1308
cell-108,mean_ankle_pressure,hpp_curated_panel,CatBoost,0.2260990395754423,0.23324149416144968,-0.007142454586007374,9.0,test,1308
cell-108,mean_ankle_pressure,hpp_curated_panel,RealMLP,0.2336406763721367,0.23324149416144968,0.0003991822106870213,8.0,test,1308
cell-108,mean_ankle_pressure,hpp_curated_panel,TabSwift,0.24440273962225134,0.23324149416144968,0.011161245460801661,3.0,test,1308
cell-108,mean_ankle_pressure,hpp_curated_panel,TabICL,0.240901023587753,0.23324149416144968,0.007659529426303324,5.0,test,1308
cell-108,mean_ankle_pressure,hpp_curated_panel,TabDPT,0.24194613639482143,0.23324149416144968,0.008704642233371751,4.0,test,1308
cell-108,mean_ankle_pressure,hpp_curated_panel,TabPFN v2,0.23680463453473466,0.23324149416144968,0.0035631403732849787,7.0,test,1308
cell-108,mean_ankle_pressure,hpp_curated_panel,TabFM,0.2404037830106487,0.23324149416144968,0.0071622888491990055,6.0,test,1308
cell-108,mean_ankle_pressure,hpp_curated_panel,TabPFN 3.5,0.24568784872883243,0.23324149416144968,0.012446354567382745,1.0,test,1308
cell-109,mean_ankle_pressure,fundus_automorph_features,Ridge,0.2274450409171651,0.1586109991003507,0.0688340418168144,9.0,test,516
cell-109,mean_ankle_pressure,fundus_automorph_features,GBDT,0.21207493821576684,0.1586109991003507,0.05346393911541614,10.0,test,516
cell-109,mean_ankle_pressure,fundus_automorph_features,XGBoost,0.20461330104929398,0.1586109991003507,0.04600230194894328,11.0,test,516
cell-109,mean_ankle_pressure,fundus_automorph_features,CatBoost,0.22794671408665468,0.1586109991003507,0.06933571498630398,8.0,test,516
cell-109,mean_ankle_pressure,fundus_automorph_features,RealMLP,0.23067043102465146,0.1586109991003507,0.07205943192430075,7.0,test,516
cell-109,mean_ankle_pressure,fundus_automorph_features,TabSwift,0.24256033400334887,0.1586109991003507,0.08394933490299816,1.0,test,516
cell-109,mean_ankle_pressure,fundus_automorph_features,TabICL,0.23266423536980707,0.1586109991003507,0.07405323626945637,5.0,test,516
cell-109,mean_ankle_pressure,fundus_automorph_features,TabDPT,0.23259767817827426,0.1586109991003507,0.07398667907792356,6.0,test,516
cell-109,mean_ankle_pressure,fundus_automorph_features,TabPFN v2,0.23633744171539017,0.1586109991003507,0.07772644261503947,3.0,test,516
cell-109,mean_ankle_pressure,fundus_automorph_features,TabFM,0.2407708318005325,0.1586109991003507,0.08215983270018179,2.0,test,516
cell-109,mean_ankle_pressure,fundus_automorph_features,TabPFN 3.5,0.2346502522167082,0.1586109991003507,0.07603925311635751,4.0,test,516
cell-110,mean_ankle_pressure,hpp_curated_panel,Ridge,0.1894448616278478,0.20241395134841667,-0.012969089720568872,7.0,test,791
cell-110,mean_ankle_pressure,hpp_curated_panel,GBDT,0.18894498780575153,0.20241395134841667,-0.013468963542665136,8.0,test,791
cell-110,mean_ankle_pressure,hpp_curated_panel,XGBoost,0.18627861300101334,0.20241395134841667,-0.016135338347403327,10.0,test,791
cell-110,mean_ankle_pressure,hpp_curated_panel,CatBoost,0.19123042413683666,0.20241395134841667,-0.011183527211580002,6.0,test,791
cell-110,mean_ankle_pressure,hpp_curated_panel,RealMLP,0.19598122351356484,0.20241395134841667,-0.006432727834851826,3.0,test,791
cell-110,mean_ankle_pressure,hpp_curated_panel,TabSwift,0.19147968438147467,0.20241395134841667,-0.010934266966941997,5.0,test,791
cell-110,mean_ankle_pressure,hpp_curated_panel,TabICL,0.18420081241332742,0.20241395134841667,-0.018213138935089246,11.0,test,791
cell-110,mean_ankle_pressure,hpp_curated_panel,TabDPT,0.19722392687886525,0.20241395134841667,-0.005190024469551413,2.0,test,791
cell-110,mean_ankle_pressure,hpp_curated_panel,TabPFN v2,0.20249752243960883,0.20241395134841667,8.357109119216943e-05,1.0,test,791
cell-110,mean_ankle_pressure,hpp_curated_panel,TabFM,0.19315174063348883,0.20241395134841667,-0.009262210714927832,4.0,test,791
cell-110,mean_ankle_pressure,hpp_curated_panel,TabPFN 3.5,0.18878991093111597,0.20241395134841667,-0.013624040417300698,9.0,test,791
cell-111,minimum_bilateral_abi,fundus_automorph_features,Ridge,0.06613854552732135,0.06623269653030839,-9.415100298704182e-05,6.0,test,1177
cell-111,minimum_bilateral_abi,fundus_automorph_features,GBDT,0.06900747951744401,0.06623269653030839,0.0027747829871356267,1.0,test,1177
cell-111,minimum_bilateral_abi,fundus_automorph_features,XGBoost,0.06033507128857374,0.06623269653030839,-0.00589762524173465,11.0,test,1177
cell-111,minimum_bilateral_abi,fundus_automorph_features,CatBoost,0.063050700486035,0.06623269653030839,-0.003181996044273383,9.0,test,1177
cell-111,minimum_bilateral_abi,fundus_automorph_features,RealMLP,0.06242938236975282,0.06623269653030839,-0.003803314160555571,10.0,test,1177
cell-111,minimum_bilateral_abi,fundus_automorph_features,TabSwift,0.06797749765312344,0.06623269653030839,0.001744801122815054,2.0,test,1177
cell-111,minimum_bilateral_abi,fundus_automorph_features,TabICL,0.06685023116522859,0.06623269653030839,0.0006175346349202027,5.0,test,1177
cell-111,minimum_bilateral_abi,fundus_automorph_features,TabDPT,0.06790086201874701,0.06623269653030839,0.0016681654884386221,3.0,test,1177
cell-111,minimum_bilateral_abi,fundus_automorph_features,TabPFN v2,0.06430215766599745,0.06623269653030839,-0.0019305388643109378,8.0,test,1177
cell-111,minimum_bilateral_abi,fundus_automorph_features,TabFM,0.0673837451702124,0.06623269653030839,0.0011510486399040065,4.0,test,1177
cell-111,minimum_bilateral_abi,fundus_automorph_features,TabPFN 3.5,0.06550483930023954,0.06623269653030839,-0.0007278572300688513,7.0,test,1177
cell-112,minimum_bilateral_abi,hpp_curated_panel,Ridge,0.08296206694039199,0.07809530449642887,0.004866762443963113,6.0,test,1308
cell-112,minimum_bilateral_abi,hpp_curated_panel,GBDT,0.07582289529115016,0.07809530449642887,-0.0022724092052787137,11.0,test,1308
cell-112,minimum_bilateral_abi,hpp_curated_panel,XGBoost,0.07854272247299421,0.07809530449642887,0.0004474179765653341,10.0,test,1308
cell-112,minimum_bilateral_abi,hpp_curated_panel,CatBoost,0.078751927701327,0.07809530449642887,0.0006566232048981213,9.0,test,1308
cell-112,minimum_bilateral_abi,hpp_curated_panel,RealMLP,0.08511638425023293,0.07809530449642887,0.00702107975380406,1.0,test,1308
cell-112,minimum_bilateral_abi,hpp_curated_panel,TabSwift,0.08106794448871624,0.07809530449642887,0.0029726399922873625,7.0,test,1308
cell-112,minimum_bilateral_abi,hpp_curated_panel,TabICL,0.08347784422942472,0.07809530449642887,0.00538253973299585,4.0,test,1308
cell-112,minimum_bilateral_abi,hpp_curated_panel,TabDPT,0.08509250849377004,0.07809530449642887,0.0069972039973411615,2.0,test,1308
cell-112,minimum_bilateral_abi,hpp_curated_panel,TabPFN v2,0.08372952310530779,0.07809530449642887,0.005634218608878916,3.0,test,1308
cell-112,minimum_bilateral_abi,hpp_curated_panel,TabFM,0.08314532323320589,0.07809530449642887,0.005050018736777018,5.0,test,1308
cell-112,minimum_bilateral_abi,hpp_curated_panel,TabPFN 3.5,0.08093428086021803,0.07809530449642887,0.0028389763637891585,8.0,test,1308
cell-113,minimum_bilateral_abi,fundus_automorph_features,Ridge,0.039313806413153074,0.035301188153998964,0.00401261825915411,11.0,test,516
cell-113,minimum_bilateral_abi,fundus_automorph_features,GBDT,0.041561819830565394,0.035301188153998964,0.0062606316765664305,8.0,test,516
cell-113,minimum_bilateral_abi,fundus_automorph_features,XGBoost,0.04857710189654574,0.035301188153998964,0.013275913742546774,2.0,test,516
cell-113,minimum_bilateral_abi,fundus_automorph_features,CatBoost,0.04572698116460472,0.035301188153998964,0.010425793010605755,3.0,test,516
cell-113,minimum_bilateral_abi,fundus_automorph_features,RealMLP,0.051145288595080274,0.035301188153998964,0.01584410044108131,1.0,test,516
cell-113,minimum_bilateral_abi,fundus_automorph_features,TabSwift,0.04572545010708162,0.035301188153998964,0.010424261953082659,4.0,test,516
cell-113,minimum_bilateral_abi,fundus_automorph_features,TabICL,0.04339144482995927,0.035301188153998964,0.008090256675960306,6.0,test,516
cell-113,minimum_bilateral_abi,fundus_automorph_features,TabDPT,0.045158751756897875,0.035301188153998964,0.009857563602898911,5.0,test,516
cell-113,minimum_bilateral_abi,fundus_automorph_features,TabPFN v2,0.0398567300224244,0.035301188153998964,0.004555541868425439,10.0,test,516
cell-113,minimum_bilateral_abi,fundus_automorph_features,TabFM,0.04097292351097315,0.035301188153998964,0.0056717353569741835,9.0,test,516
cell-113,minimum_bilateral_abi,fundus_automorph_features,TabPFN 3.5,0.04326095084289394,0.035301188153998964,0.007959762688894978,7.0,test,516
cell-114,minimum_bilateral_abi,hpp_curated_panel,Ridge,0.042902640100722644,0.04649562423361664,-0.003592984132893995,10.0,test,791
cell-114,minimum_bilateral_abi,hpp_curated_panel,GBDT,0.04847107513322857,0.04649562423361664,0.00197545089961193,4.0,test,791
cell-114,minimum_bilateral_abi,hpp_curated_panel,XGBoost,0.03888367644888324,0.04649562423361664,-0.007611947784733397,11.0,test,791
cell-114,minimum_bilateral_abi,hpp_curated_panel,CatBoost,0.049624505110606565,0.04649562423361664,0.0031288808769899257,2.0,test,791
cell-114,minimum_bilateral_abi,hpp_curated_panel,RealMLP,0.04834083532756528,0.04649562423361664,0.00184521109394864,5.0,test,791
cell-114,minimum_bilateral_abi,hpp_curated_panel,TabSwift,0.04686744269131804,0.04649562423361664,0.00037181845770140054,6.0,test,791
cell-114,minimum_bilateral_abi,hpp_curated_panel,TabICL,0.04900032800704823,0.04649562423361664,0.0025047037734315936,3.0,test,791
cell-114,minimum_bilateral_abi,hpp_curated_panel,TabDPT,0.04646473855778155,0.04649562423361664,-3.088567583509061e-05,7.0,test,791
cell-114,minimum_bilateral_abi,hpp_curated_panel,TabPFN v2,0.046243476216483725,0.04649562423361664,-0.0002521480171329138,8.0,test,791
cell-114,minimum_bilateral_abi,hpp_curated_panel,TabFM,0.04442806938945143,0.04649562423361664,-0.002067554844165209,9.0,test,791
cell-114,minimum_bilateral_abi,hpp_curated_panel,TabPFN 3.5,0.049763439381026564,0.04649562423361664,0.003267815147409925,1.0,test,791
cell-115,non_hdl,cgm_iglu,Ridge,0.041469609490114245,0.05174334504642997,-0.010273735556315722,11.0,test,819
cell-115,non_hdl,cgm_iglu,GBDT,0.08148527843146136,0.05174334504642997,0.029741933385031394,9.0,test,819
cell-115,non_hdl,cgm_iglu,XGBoost,0.08280996485068659,0.05174334504642997,0.031066619804256623,8.0,test,819
cell-115,non_hdl,cgm_iglu,CatBoost,0.08404976284339205,0.05174334504642997,0.032306417796962084,7.0,test,819
cell-115,non_hdl,cgm_iglu,RealMLP,0.0971961232242764,0.05174334504642997,0.04545277817784643,5.0,test,819
cell-115,non_hdl,cgm_iglu,TabSwift,0.08733334955367411,0.05174334504642997,0.035590004507244144,6.0,test,819
cell-115,non_hdl,cgm_iglu,TabICL,0.07849433514836779,0.05174334504642997,0.02675099010193782,10.0,test,819
cell-115,non_hdl,cgm_iglu,TabDPT,0.10329693295758546,0.05174334504642997,0.051553587911155496,3.0,test,819
cell-115,non_hdl,cgm_iglu,TabPFN v2,0.10457653854186721,0.05174334504642997,0.05283319349543725,2.0,test,819
cell-115,non_hdl,cgm_iglu,TabFM,0.10236679908458346,0.05174334504642997,0.05062345403815349,4.0,test,819
cell-115,non_hdl,cgm_iglu,TabPFN 3.5,0.10816659313433252,0.05174334504642997,0.056423248087902556,1.0,test,819
cell-116,non_hdl,cgm_iglu,Ridge,0.0021604608487090227,-0.01022519394745669,0.012385654796165713,2.0,test,166
cell-116,non_hdl,cgm_iglu,GBDT,-0.019772075701069314,-0.01022519394745669,-0.009546881753612624,10.0,test,166
cell-116,non_hdl,cgm_iglu,XGBoost,-0.014130092877886025,-0.01022519394745669,-0.0039048989304293347,8.0,test,166
cell-116,non_hdl,cgm_iglu,CatBoost,0.00554779865420163,-0.01022519394745669,0.01577299260165832,1.0,test,166
cell-116,non_hdl,cgm_iglu,RealMLP,0.0008934436616679919,-0.01022519394745669,0.011118637609124682,4.0,test,166
cell-116,non_hdl,cgm_iglu,TabSwift,0.0009394965298636926,-0.01022519394745669,0.011164690477320383,3.0,test,166
cell-116,non_hdl,cgm_iglu,TabICL,-0.0141526772918521,-0.01022519394745669,-0.0039274833443954105,9.0,test,166
cell-116,non_hdl,cgm_iglu,TabDPT,-0.007755720891165829,-0.01022519394745669,0.0024694730562908607,6.0,test,166
cell-116,non_hdl,cgm_iglu,TabPFN v2,0.0006572181372671571,-0.01022519394745669,0.010882412084723847,5.0,test,166
cell-116,non_hdl,cgm_iglu,TabFM,-0.030450380169928293,-0.01022519394745669,-0.020225186222471603,11.0,test,166
cell-116,non_hdl,cgm_iglu,TabPFN 3.5,-0.00804374023855603,-0.01022519394745669,0.0021814537089006603,7.0,test,166
cell-117,non_hdl,hpp_curated_panel,Ridge,-0.005599694904947272,-0.002843414645145259,-0.002756280259802013,6.0,test,100
cell-117,non_hdl,hpp_curated_panel,GBDT,-0.01407191829157628,-0.002843414645145259,-0.01122850364643102,9.0,test,100
cell-117,non_hdl,hpp_curated_panel,XGBoost,0.009196469381538397,-0.002843414645145259,0.012039884026683656,3.0,test,100
cell-117,non_hdl,hpp_curated_panel,CatBoost,-0.011558237070513178,-0.002843414645145259,-0.008714822425367919,7.0,test,100
cell-117,non_hdl,hpp_curated_panel,RealMLP,-0.04636904644116879,-0.002843414645145259,-0.043525631796023534,11.0,test,100
cell-117,non_hdl,hpp_curated_panel,TabSwift,-0.0003679085889143341,-0.002843414645145259,0.002475506056230925,5.0,test,100
cell-117,non_hdl,hpp_curated_panel,TabICL,0.006149763536586805,-0.002843414645145259,0.008993178181732064,4.0,test,100
cell-117,non_hdl,hpp_curated_panel,TabDPT,-0.012359586224348629,-0.002843414645145259,-0.00951617157920337,8.0,test,100
cell-117,non_hdl,hpp_curated_panel,TabPFN v2,0.01920378570486958,-0.002843414645145259,0.02204720035001484,2.0,test,100
cell-117,non_hdl,hpp_curated_panel,TabFM,-0.041066765264377914,-0.002843414645145259,-0.038223350619232654,10.0,test,100
cell-117,non_hdl,hpp_curated_panel,TabPFN 3.5,0.021050691768318863,-0.002843414645145259,0.023894106413464122,1.0,test,100
cell-118,non_hdl,hpp_curated_panel,Ridge,0.07470375547506358,0.03270323979924317,0.042000515675820416,11.0,test,497
cell-118,non_hdl,hpp_curated_panel,GBDT,0.11491514928503987,0.03270323979924317,0.08221190948579671,6.0,test,497
cell-118,non_hdl,hpp_curated_panel,XGBoost,0.11129574014980204,0.03270323979924317,0.07859250035055887,9.0,test,497
cell-118,non_hdl,hpp_curated_panel,CatBoost,0.11009668320006405,0.03270323979924317,0.07739344340082088,10.0,test,497
cell-118,non_hdl,hpp_curated_panel,RealMLP,0.1179036122918703,0.03270323979924317,0.08520037249262713,4.0,test,497
cell-118,non_hdl,hpp_curated_panel,TabSwift,0.11828050996063966,0.03270323979924317,0.08557727016139649,3.0,test,497
cell-118,non_hdl,hpp_curated_panel,TabICL,0.11420964846076143,0.03270323979924317,0.08150640866151826,8.0,test,497
cell-118,non_hdl,hpp_curated_panel,TabDPT,0.11617205745122516,0.03270323979924317,0.083468817651982,5.0,test,497
cell-118,non_hdl,hpp_curated_panel,TabPFN v2,0.12562276825917995,0.03270323979924317,0.09291952845993678,1.0,test,497
cell-118,non_hdl,hpp_curated_panel,TabFM,0.11449901755909297,0.03270323979924317,0.08179577775984981,7.0,test,497
cell-118,non_hdl,hpp_curated_panel,TabPFN 3.5,0.12034383921734204,0.03270323979924317,0.08764059941809887,2.0,test,497
cell-119,orthostatic_sbp_drop_1min,hpp_curated_panel,Ridge,0.01656945037684021,0.014604378554748942,0.001965071822091269,5.0,test,1297
cell-119,orthostatic_sbp_drop_1min,hpp_curated_panel,GBDT,0.013269824832816024,0.014604378554748942,-0.0013345537219329184,10.0,test,1297
cell-119,orthostatic_sbp_drop_1min,hpp_curated_panel,XGBoost,0.006121204330748253,0.014604378554748942,-0.008483174224000689,11.0,test,1297
cell-119,orthostatic_sbp_drop_1min,hpp_curated_panel,CatBoost,0.01466780355364905,0.014604378554748942,6.342499890010789e-05,7.0,test,1297
cell-119,orthostatic_sbp_drop_1min,hpp_curated_panel,RealMLP,0.013822690127002435,0.014604378554748942,-0.0007816884277465075,9.0,test,1297
cell-119,orthostatic_sbp_drop_1min,hpp_curated_panel,TabSwift,0.018028543621331772,0.014604378554748942,0.0034241650665828294,4.0,test,1297
cell-119,orthostatic_sbp_drop_1min,hpp_curated_panel,TabICL,0.018661637234538175,0.014604378554748942,0.004057258679789233,2.0,test,1297
cell-119,orthostatic_sbp_drop_1min,hpp_curated_panel,TabDPT,0.015629402490441424,0.014604378554748942,0.0010250239356924817,6.0,test,1297
cell-119,orthostatic_sbp_drop_1min,hpp_curated_panel,TabPFN v2,0.014146994818908465,0.014604378554748942,-0.00045738373584047753,8.0,test,1297
cell-119,orthostatic_sbp_drop_1min,hpp_curated_panel,TabFM,0.019054736259034533,0.014604378554748942,0.00445035770428559,1.0,test,1297
cell-119,orthostatic_sbp_drop_1min,hpp_curated_panel,TabPFN 3.5,0.018184301259352664,0.014604378554748942,0.003579922704603722,3.0,test,1297
cell-120,orthostatic_sbp_drop_1min,hpp_curated_panel,Ridge,0.014816893308630896,0.013816087049062675,0.001000806259568221,1.0,test,1203
cell-120,orthostatic_sbp_drop_1min,hpp_curated_panel,GBDT,0.012641433610979469,0.013816087049062675,-0.0011746534380832063,3.0,test,1203
cell-120,orthostatic_sbp_drop_1min,hpp_curated_panel,XGBoost,0.007018265822095526,0.013816087049062675,-0.006797821226967149,11.0,test,1203
cell-120,orthostatic_sbp_drop_1min,hpp_curated_panel,CatBoost,0.012015608757679264,0.013816087049062675,-0.0018004782913834116,4.0,test,1203
cell-120,orthostatic_sbp_drop_1min,hpp_curated_panel,RealMLP,0.008475882004614355,0.013816087049062675,-0.005340205044448321,10.0,test,1203
cell-120,orthostatic_sbp_drop_1min,hpp_curated_panel,TabSwift,0.010011001796915164,0.013816087049062675,-0.003805085252147511,8.0,test,1203
cell-120,orthostatic_sbp_drop_1min,hpp_curated_panel,TabICL,0.009662729844046591,0.013816087049062675,-0.004153357205016084,9.0,test,1203
cell-120,orthostatic_sbp_drop_1min,hpp_curated_panel,TabDPT,0.011116609684323486,0.013816087049062675,-0.002699477364739189,6.0,test,1203
cell-120,orthostatic_sbp_drop_1min,hpp_curated_panel,TabPFN v2,0.010824026353089322,0.013816087049062675,-0.002992060695973353,7.0,test,1203
cell-120,orthostatic_sbp_drop_1min,hpp_curated_panel,TabFM,0.013603605499942661,0.013816087049062675,-0.00021248154912001382,2.0,test,1203
cell-120,orthostatic_sbp_drop_1min,hpp_curated_panel,TabPFN 3.5,0.011537730302589866,0.013816087049062675,-0.0022783567464728094,5.0,test,1203
cell-121,orthostatic_sbp_drop_1min,hpp_curated_panel,Ridge,0.009768160948051219,0.0031617391194143085,0.00660642182863691,8.0,test,239
cell-121,orthostatic_sbp_drop_1min,hpp_curated_panel,GBDT,0.006598491991248068,0.0031617391194143085,0.003436752871833759,10.0,test,239
cell-121,orthostatic_sbp_drop_1min,hpp_curated_panel,XGBoost,0.0006992723436394233,0.0031617391194143085,-0.0024624667757748853,11.0,test,239
cell-121,orthostatic_sbp_drop_1min,hpp_curated_panel,CatBoost,0.007014606138513013,0.0031617391194143085,0.0038528670190987047,9.0,test,239
cell-121,orthostatic_sbp_drop_1min,hpp_curated_panel,RealMLP,0.012383117218219941,0.0031617391194143085,0.009221378098805633,7.0,test,239
cell-121,orthostatic_sbp_drop_1min,hpp_curated_panel,TabSwift,0.018682942563809424,0.0031617391194143085,0.015521203444395115,2.0,test,239
cell-121,orthostatic_sbp_drop_1min,hpp_curated_panel,TabICL,0.02141122160276787,0.0031617391194143085,0.018249482483353563,1.0,test,239
cell-121,orthostatic_sbp_drop_1min,hpp_curated_panel,TabDPT,0.014305234879304352,0.0031617391194143085,0.011143495759890043,3.0,test,239
cell-121,orthostatic_sbp_drop_1min,hpp_curated_panel,TabPFN v2,0.013475228919988536,0.0031617391194143085,0.010313489800574227,6.0,test,239
cell-121,orthostatic_sbp_drop_1min,hpp_curated_panel,TabFM,0.014136229272096457,0.0031617391194143085,0.010974490152682148,4.0,test,239
cell-121,orthostatic_sbp_drop_1min,hpp_curated_panel,TabPFN 3.5,0.0135857981542723,0.0031617391194143085,0.010424059034857991,5.0,test,239
cell-122,orthostatic_sbp_drop_1min,hpp_curated_panel,Ridge,0.006818263259284585,0.005317940089479167,0.0015003231698054176,9.0,test,329
cell-122,orthostatic_sbp_drop_1min,hpp_curated_panel,GBDT,0.004374943969148393,0.005317940089479167,-0.0009429961203307746,10.0,test,329
cell-122,orthostatic_sbp_drop_1min,hpp_curated_panel,XGBoost,0.0025100231796146844,0.005317940089479167,-0.002807916909864483,11.0,test,329
cell-122,orthostatic_sbp_drop_1min,hpp_curated_panel,CatBoost,0.009912029959964319,0.005317940089479167,0.004594089870485152,4.0,test,329
cell-122,orthostatic_sbp_drop_1min,hpp_curated_panel,RealMLP,0.010798988288358347,0.005317940089479167,0.005481048198879179,2.0,test,329
cell-122,orthostatic_sbp_drop_1min,hpp_curated_panel,TabSwift,0.008793930005410178,0.005317940089479167,0.0034759899159310104,7.0,test,329
cell-122,orthostatic_sbp_drop_1min,hpp_curated_panel,TabICL,0.007941654791964625,0.005317940089479167,0.002623714702485458,8.0,test,329
cell-122,orthostatic_sbp_drop_1min,hpp_curated_panel,TabDPT,0.010249597438842573,0.005317940089479167,0.004931657349363405,3.0,test,329
cell-122,orthostatic_sbp_drop_1min,hpp_curated_panel,TabPFN v2,0.013684382847818921,0.005317940089479167,0.008366442758339754,1.0,test,329
cell-122,orthostatic_sbp_drop_1min,hpp_curated_panel,TabFM,0.009691982455229509,0.005317940089479167,0.004374042365750341,5.0,test,329
cell-122,orthostatic_sbp_drop_1min,hpp_curated_panel,TabPFN 3.5,0.009168140579515205,0.005317940089479167,0.0038502004900360376,6.0,test,329
cell-123,pr_interval,hpp_curated_panel,Ridge,0.08789675277530118,0.08215216410764936,0.005744588667651818,6.0,test,1421
cell-123,pr_interval,hpp_curated_panel,GBDT,0.0807169904350662,0.08215216410764936,-0.0014351736725831676,10.0,test,1421
cell-123,pr_interval,hpp_curated_panel,XGBoost,0.08042154021927894,0.08215216410764936,-0.0017306238883704195,11.0,test,1421
cell-123,pr_interval,hpp_curated_panel,CatBoost,0.08092694421749369,0.08215216410764936,-0.001225219890155671,9.0,test,1421
cell-123,pr_interval,hpp_curated_panel,RealMLP,0.08424724349664914,0.08215216410764936,0.0020950793889997765,8.0,test,1421
cell-123,pr_interval,hpp_curated_panel,TabSwift,0.0910539861879055,0.08215216410764936,0.008901822080256139,4.0,test,1421
cell-123,pr_interval,hpp_curated_panel,TabICL,0.09151754392933398,0.08215216410764936,0.009365379821684616,3.0,test,1421
cell-123,pr_interval,hpp_curated_panel,TabDPT,0.09251783055804375,0.08215216410764936,0.010365666450394384,2.0,test,1421
cell-123,pr_interval,hpp_curated_panel,TabPFN v2,0.08862379241063667,0.08215216410764936,0.006471628302987309,5.0,test,1421
cell-123,pr_interval,hpp_curated_panel,TabFM,0.09357878395417751,0.08215216410764936,0.011426619846528152,1.0,test,1421
cell-123,pr_interval,hpp_curated_panel,TabPFN 3.5,0.08707659941634516,0.08215216410764936,0.004924435308695796,7.0,test,1421
cell-124,pr_interval,hpp_curated_panel,Ridge,0.07697503629943225,0.06268775004734095,0.014287286252091302,5.0,test,853
cell-124,pr_interval,hpp_curated_panel,GBDT,0.0738955015422571,0.06268775004734095,0.011207751494916152,8.0,test,853
cell-124,pr_interval,hpp_curated_panel,XGBoost,0.06979157718334472,0.06268775004734095,0.007103827136003771,11.0,test,853
cell-124,pr_interval,hpp_curated_panel,CatBoost,0.07086013008555292,0.06268775004734095,0.008172380038211968,10.0,test,853
cell-124,pr_interval,hpp_curated_panel,RealMLP,0.07347123116619814,0.06268775004734095,0.010783481118857186,9.0,test,853
cell-124,pr_interval,hpp_curated_panel,TabSwift,0.08106715530970043,0.06268775004734095,0.018379405262359483,2.0,test,853
cell-124,pr_interval,hpp_curated_panel,TabICL,0.08083524481398086,0.06268775004734095,0.018147494766639904,3.0,test,853
cell-124,pr_interval,hpp_curated_panel,TabDPT,0.07679337213214876,0.06268775004734095,0.014105622084807812,7.0,test,853
cell-124,pr_interval,hpp_curated_panel,TabPFN v2,0.07682439920635797,0.06268775004734095,0.014136649159017023,6.0,test,853
cell-124,pr_interval,hpp_curated_panel,TabFM,0.07970651659216843,0.06268775004734095,0.01701876654482748,4.0,test,853
cell-124,pr_interval,hpp_curated_panel,TabPFN 3.5,0.08219975427235482,0.06268775004734095,0.019512004225013868,1.0,test,853
cell-125,pr_interval,hpp_curated_panel,Ridge,0.12836830909551544,0.10722975113627076,0.021138557959244686,1.0,test,1407
cell-125,pr_interval,hpp_curated_panel,GBDT,0.11740694456928313,0.10722975113627076,0.010177193433012377,10.0,test,1407
cell-125,pr_interval,hpp_curated_panel,XGBoost,0.11263403941294758,0.10722975113627076,0.005404288276676827,11.0,test,1407
cell-125,pr_interval,hpp_curated_panel,CatBoost,0.12280633091573112,0.10722975113627076,0.015576579779460364,8.0,test,1407
cell-125,pr_interval,hpp_curated_panel,RealMLP,0.125444064829343,0.10722975113627076,0.018214313693072248,5.0,test,1407
cell-125,pr_interval,hpp_curated_panel,TabSwift,0.12539387495543497,0.10722975113627076,0.018164123819164213,6.0,test,1407
cell-125,pr_interval,hpp_curated_panel,TabICL,0.1275834470178212,0.10722975113627076,0.02035369588155045,2.0,test,1407
cell-125,pr_interval,hpp_curated_panel,TabDPT,0.12392329995932272,0.10722975113627076,0.016693548823051962,7.0,test,1407
cell-125,pr_interval,hpp_curated_panel,TabPFN v2,0.1258715939653583,0.10722975113627076,0.01864184282908754,4.0,test,1407
cell-125,pr_interval,hpp_curated_panel,TabFM,0.12614626036749466,0.10722975113627076,0.0189165092312239,3.0,test,1407
cell-125,pr_interval,hpp_curated_panel,TabPFN 3.5,0.12074613040282911,0.10722975113627076,0.013516379266558354,9.0,test,1407
cell-126,pr_interval,hpp_curated_panel,Ridge,0.055581874549288424,0.04571194733248096,0.009869927216807461,9.0,test,887
cell-126,pr_interval,hpp_curated_panel,GBDT,0.04940898959590223,0.04571194733248096,0.0036970422634212685,11.0,test,887
cell-126,pr_interval,hpp_curated_panel,XGBoost,0.057388706113486676,0.04571194733248096,0.011676758781005714,7.0,test,887
cell-126,pr_interval,hpp_curated_panel,CatBoost,0.05781084934712477,0.04571194733248096,0.012098902014643809,6.0,test,887
cell-126,pr_interval,hpp_curated_panel,RealMLP,0.05239647863140895,0.04571194733248096,0.006684531298927987,10.0,test,887
cell-126,pr_interval,hpp_curated_panel,TabSwift,0.059798280102648094,0.04571194733248096,0.014086332770167131,5.0,test,887
cell-126,pr_interval,hpp_curated_panel,TabICL,0.06207721593242865,0.04571194733248096,0.01636526859994769,3.0,test,887
cell-126,pr_interval,hpp_curated_panel,TabDPT,0.05984840159496796,0.04571194733248096,0.014136454262486997,4.0,test,887
cell-126,pr_interval,hpp_curated_panel,TabPFN v2,0.05657101236171547,0.04571194733248096,0.010859065029234505,8.0,test,887
cell-126,pr_interval,hpp_curated_panel,TabFM,0.06216206090989207,0.04571194733248096,0.016450113577411107,2.0,test,887
cell-126,pr_interval,hpp_curated_panel,TabPFN 3.5,0.062372028126328916,0.04571194733248096,0.016660080793847953,1.0,test,887
cell-127,qrs_duration,hpp_curated_panel,Ridge,0.14589878203576645,0.1287568839750114,0.017141898060755056,3.0,test,860
cell-127,qrs_duration,hpp_curated_panel,GBDT,0.141672646680281,0.1287568839750114,0.012915762705269618,5.0,test,860
cell-127,qrs_duration,hpp_curated_panel,XGBoost,0.12881196546334173,0.1287568839750114,5.5081488330332995e-05,11.0,test,860
cell-127,qrs_duration,hpp_curated_panel,CatBoost,0.13759589614203838,0.1287568839750114,0.008839012167026983,8.0,test,860
cell-127,qrs_duration,hpp_curated_panel,RealMLP,0.13647800915934993,0.1287568839750114,0.00772112518433854,9.0,test,860
cell-127,qrs_duration,hpp_curated_panel,TabSwift,0.1433833629986162,0.1287568839750114,0.01462647902360481,4.0,test,860
cell-127,qrs_duration,hpp_curated_panel,TabICL,0.138797201151049,0.1287568839750114,0.010040317176037594,6.0,test,860
cell-127,qrs_duration,hpp_curated_panel,TabDPT,0.14590066596324258,0.1287568839750114,0.017143781988231188,2.0,test,860
cell-127,qrs_duration,hpp_curated_panel,TabPFN v2,0.135470930422931,0.1287568839750114,0.006714046447919619,10.0,test,860
cell-127,qrs_duration,hpp_curated_panel,TabFM,0.13838504352991365,0.1287568839750114,0.00962815955490226,7.0,test,860
cell-127,qrs_duration,hpp_curated_panel,TabPFN 3.5,0.14758509332624725,0.1287568839750114,0.01882820935123586,1.0,test,860
cell-128,qrs_duration,hpp_curated_panel,Ridge,0.14905404003425737,0.13363191190034773,0.01542212813390964,6.0,test,1417
cell-128,qrs_duration,hpp_curated_panel,GBDT,0.1507725058484254,0.13363191190034773,0.017140593948077654,3.0,test,1417
cell-128,qrs_duration,hpp_curated_panel,XGBoost,0.152084438877225,0.13363191190034773,0.01845252697687727,1.0,test,1417
cell-128,qrs_duration,hpp_curated_panel,CatBoost,0.15036598491625686,0.13363191190034773,0.016734073015909123,4.0,test,1417
cell-128,qrs_duration,hpp_curated_panel,RealMLP,0.14826429029339405,0.13363191190034773,0.01463237839304632,7.0,test,1417
cell-128,qrs_duration,hpp_curated_panel,TabSwift,0.14794385266499077,0.13363191190034773,0.014311940764643039,8.0,test,1417
cell-128,qrs_duration,hpp_curated_panel,TabICL,0.145004713142038,0.13363191190034773,0.011372801241690267,10.0,test,1417
cell-128,qrs_duration,hpp_curated_panel,TabDPT,0.1500655732352827,0.13363191190034773,0.016433661334934957,5.0,test,1417
cell-128,qrs_duration,hpp_curated_panel,TabPFN v2,0.14444216198309912,0.13363191190034773,0.010810250082751383,11.0,test,1417
cell-128,qrs_duration,hpp_curated_panel,TabFM,0.1466853036738589,0.13363191190034773,0.01305339177351117,9.0,test,1417
cell-128,qrs_duration,hpp_curated_panel,TabPFN 3.5,0.15113452375832748,0.13363191190034773,0.017502611857979744,2.0,test,1417
cell-129,qrs_duration,hpp_curated_panel,Ridge,0.1282418559529379,0.12590892142688426,0.002332934526053654,10.0,test,1432
cell-129,qrs_duration,hpp_curated_panel,GBDT,0.12980866861397522,0.12590892142688426,0.003899747187090963,5.0,test,1432
cell-129,qrs_duration,hpp_curated_panel,XGBoost,0.12904734130192075,0.12590892142688426,0.003138419875036491,9.0,test,1432
cell-129,qrs_duration,hpp_curated_panel,CatBoost,0.1295586920676628,0.12590892142688426,0.003649770640778538,7.0,test,1432
cell-129,qrs_duration,hpp_curated_panel,RealMLP,0.1251951141422074,0.12590892142688426,-0.0007138072846768484,11.0,test,1432
cell-129,qrs_duration,hpp_curated_panel,TabSwift,0.1297797059404241,0.12590892142688426,0.0038707845135398378,6.0,test,1432
cell-129,qrs_duration,hpp_curated_panel,TabICL,0.12985760726562257,0.12590892142688426,0.003948685838738308,4.0,test,1432
cell-129,qrs_duration,hpp_curated_panel,TabDPT,0.13166272471097196,0.12590892142688426,0.0057538032840877,2.0,test,1432
cell-129,qrs_duration,hpp_curated_panel,TabPFN v2,0.12948217808813212,0.12590892142688426,0.003573256661247859,8.0,test,1432
cell-129,qrs_duration,hpp_curated_panel,TabFM,0.1314361940303741,0.12590892142688426,0.005527272603489841,3.0,test,1432
cell-129,qrs_duration,hpp_curated_panel,TabPFN 3.5,0.13447908515293783,0.12590892142688426,0.00857016372605357,1.0,test,1432
cell-130,qrs_duration,hpp_curated_panel,Ridge,0.14757667574534317,0.14772664910189215,-0.00014997335654898247,4.0,test,897
cell-130,qrs_duration,hpp_curated_panel,GBDT,0.14131570885286293,0.14772664910189215,-0.006410940249029218,9.0,test,897
cell-130,qrs_duration,hpp_curated_panel,XGBoost,0.13426613630366468,0.14772664910189215,-0.013460512798227464,11.0,test,897
cell-130,qrs_duration,hpp_curated_panel,CatBoost,0.14492663213462897,0.14772664910189215,-0.0028000169672631747,7.0,test,897
cell-130,qrs_duration,hpp_curated_panel,RealMLP,0.14153905269953027,0.14772664910189215,-0.0061875964023618835,8.0,test,897
cell-130,qrs_duration,hpp_curated_panel,TabSwift,0.1465497192730143,0.14772664910189215,-0.0011769298288778485,6.0,test,897
cell-130,qrs_duration,hpp_curated_panel,TabICL,0.1491177145837943,0.14772664910189215,0.001391065481902154,3.0,test,897
cell-130,qrs_duration,hpp_curated_panel,TabDPT,0.1474749186698776,0.14772664910189215,-0.0002517304320145408,5.0,test,897
cell-130,qrs_duration,hpp_curated_panel,TabPFN v2,0.13741812650988416,0.14772664910189215,-0.010308522592007985,10.0,test,897
cell-130,qrs_duration,hpp_curated_panel,TabFM,0.14953673465932216,0.14772664910189215,0.0018100855574300079,2.0,test,897
cell-130,qrs_duration,hpp_curated_panel,TabPFN 3.5,0.14986028599383638,0.14772664910189215,0.002133636891944235,1.0,test,897
cell-131,qt_interval,hpp_curated_panel,Ridge,0.060480582518804615,0.022247828979859774,0.03823275353894484,9.0,test,1432
cell-131,qt_interval,hpp_curated_panel,GBDT,0.05321079325449429,0.022247828979859774,0.03096296427463452,11.0,test,1432
cell-131,qt_interval,hpp_curated_panel,XGBoost,0.054390769293781394,0.022247828979859774,0.03214294031392162,10.0,test,1432
cell-131,qt_interval,hpp_curated_panel,CatBoost,0.06201487442968501,0.022247828979859774,0.039767045449825233,8.0,test,1432
cell-131,qt_interval,hpp_curated_panel,RealMLP,0.06548266902463284,0.022247828979859774,0.04323484004477307,6.0,test,1432
cell-131,qt_interval,hpp_curated_panel,TabSwift,0.06426550501814943,0.022247828979859774,0.04201767603828965,7.0,test,1432
cell-131,qt_interval,hpp_curated_panel,TabICL,0.067741172566811,0.022247828979859774,0.04549334358695123,4.0,test,1432
cell-131,qt_interval,hpp_curated_panel,TabDPT,0.07039954783014046,0.022247828979859774,0.04815171885028069,2.0,test,1432
cell-131,qt_interval,hpp_curated_panel,TabPFN v2,0.06636691063827826,0.022247828979859774,0.04411908165841849,5.0,test,1432
cell-131,qt_interval,hpp_curated_panel,TabFM,0.0710180201638857,0.022247828979859774,0.048770191184025924,1.0,test,1432
cell-131,qt_interval,hpp_curated_panel,TabPFN 3.5,0.0684142733283073,0.022247828979859774,0.04616644434844752,3.0,test,1432
cell-132,qt_interval,hpp_curated_panel,Ridge,0.06363032367465793,0.038481204614156606,0.025149119060501324,8.0,test,897
cell-132,qt_interval,hpp_curated_panel,GBDT,0.056196423597882794,0.038481204614156606,0.01771521898372619,10.0,test,897
cell-132,qt_interval,hpp_curated_panel,XGBoost,0.050288750911982816,0.038481204614156606,0.01180754629782621,11.0,test,897
cell-132,qt_interval,hpp_curated_panel,CatBoost,0.057969716951155936,0.038481204614156606,0.01948851233699933,9.0,test,897
cell-132,qt_interval,hpp_curated_panel,RealMLP,0.06493710237326156,0.038481204614156606,0.02645589775910495,7.0,test,897
cell-132,qt_interval,hpp_curated_panel,TabSwift,0.06610203212487487,0.038481204614156606,0.02762082751071826,6.0,test,897
cell-132,qt_interval,hpp_curated_panel,TabICL,0.0666805886247972,0.038481204614156606,0.028199384010640594,5.0,test,897
cell-132,qt_interval,hpp_curated_panel,TabDPT,0.07184726654387896,0.038481204614156606,0.03336606192972236,1.0,test,897
cell-132,qt_interval,hpp_curated_panel,TabPFN v2,0.06859241061067911,0.038481204614156606,0.030111205996522505,2.0,test,897
cell-132,qt_interval,hpp_curated_panel,TabFM,0.06771752422193855,0.038481204614156606,0.029236319607781946,3.0,test,897
cell-132,qt_interval,hpp_curated_panel,TabPFN 3.5,0.06719469392101718,0.038481204614156606,0.028713489306860573,4.0,test,897
cell-133,qt_interval,hpp_curated_panel,Ridge,0.31445844594790595,0.04322213581112255,0.2712363101367834,8.0,test,860
cell-133,qt_interval,hpp_curated_panel,GBDT,0.3131141311531117,0.04322213581112255,0.26989199534198915,10.0,test,860
cell-133,qt_interval,hpp_curated_panel,XGBoost,0.3088655305764585,0.04322213581112255,0.26564339476533594,11.0,test,860
cell-133,qt_interval,hpp_curated_panel,CatBoost,0.3144519259794343,0.04322213581112255,0.2712297901683117,9.0,test,860
cell-133,qt_interval,hpp_curated_panel,RealMLP,0.3192860738739375,0.04322213581112255,0.27606393806281493,5.0,test,860
cell-133,qt_interval,hpp_curated_panel,TabSwift,0.32393397108464295,0.04322213581112255,0.2807118352735204,1.0,test,860
cell-133,qt_interval,hpp_curated_panel,TabICL,0.3204596655845765,0.04322213581112255,0.27723752977345395,4.0,test,860
cell-133,qt_interval,hpp_curated_panel,TabDPT,0.32111830304268585,0.04322213581112255,0.2778961672315633,2.0,test,860
cell-133,qt_interval,hpp_curated_panel,TabPFN v2,0.3180983551970137,0.04322213581112255,0.27487621938589113,6.0,test,860
cell-133,qt_interval,hpp_curated_panel,TabFM,0.320917156923877,0.04322213581112255,0.27769502111275446,3.0,test,860
cell-133,qt_interval,hpp_curated_panel,TabPFN 3.5,0.3168853605348375,0.04322213581112255,0.27366322472371496,7.0,test,860
cell-134,qt_interval,hpp_curated_panel,Ridge,0.2959521965900084,0.02542912229787908,0.2705230742921293,11.0,test,1417
cell-134,qt_interval,hpp_curated_panel,GBDT,0.30585843842549354,0.02542912229787908,0.28042931612761446,9.0,test,1417
cell-134,qt_interval,hpp_curated_panel,XGBoost,0.302225963002982,0.02542912229787908,0.2767968407051029,10.0,test,1417
cell-134,qt_interval,hpp_curated_panel,CatBoost,0.30603408959925893,0.02542912229787908,0.28060496730137985,8.0,test,1417
cell-134,qt_interval,hpp_curated_panel,RealMLP,0.3087713884189256,0.02542912229787908,0.2833422661210465,7.0,test,1417
cell-134,qt_interval,hpp_curated_panel,TabSwift,0.30968081000718184,0.02542912229787908,0.28425168770930276,4.0,test,1417
cell-134,qt_interval,hpp_curated_panel,TabICL,0.31330560869876767,0.02542912229787908,0.2878764864008886,2.0,test,1417
cell-134,qt_interval,hpp_curated_panel,TabDPT,0.3101280067109521,0.02542912229787908,0.284698884413073,3.0,test,1417
cell-134,qt_interval,hpp_curated_panel,TabPFN v2,0.3092948150930249,0.02542912229787908,0.28386569279514584,6.0,test,1417
cell-134,qt_interval,hpp_curated_panel,TabFM,0.3093706511803265,0.02542912229787908,0.2839415288824474,5.0,test,1417
cell-134,qt_interval,hpp_curated_panel,TabPFN 3.5,0.31382135100983266,0.02542912229787908,0.2883922287119536,1.0,test,1417
cell-135,qtc,hpp_curated_panel,Ridge,0.07384379118388795,0.06873411543545715,0.0051096757484307975,11.0,test,897
cell-135,qtc,hpp_curated_panel,GBDT,0.0802602393045515,0.06873411543545715,0.011526123869094351,7.0,test,897
cell-135,qtc,hpp_curated_panel,XGBoost,0.08074129780180028,0.06873411543545715,0.012007182366343128,6.0,test,897
cell-135,qtc,hpp_curated_panel,CatBoost,0.08357562257182294,0.06873411543545715,0.014841507136365784,2.0,test,897
cell-135,qtc,hpp_curated_panel,RealMLP,0.07956619053634939,0.06873411543545715,0.010832075100892236,8.0,test,897
cell-135,qtc,hpp_curated_panel,TabSwift,0.07672179822629888,0.06873411543545715,0.007987682790841721,9.0,test,897
cell-135,qtc,hpp_curated_panel,TabICL,0.08199479872984217,0.06873411543545715,0.013260683294385012,5.0,test,897
cell-135,qtc,hpp_curated_panel,TabDPT,0.08227148113350669,0.06873411543545715,0.01353736569804953,4.0,test,897
cell-135,qtc,hpp_curated_panel,TabPFN v2,0.0766275791701323,0.06873411543545715,0.007893463734675144,10.0,test,897
cell-135,qtc,hpp_curated_panel,TabFM,0.08401056486356062,0.06873411543545715,0.015276449428103467,1.0,test,897
cell-135,qtc,hpp_curated_panel,TabPFN 3.5,0.0828926368004006,0.06873411543545715,0.014158521364943444,3.0,test,897
cell-136,qtc,hpp_curated_panel,Ridge,0.11748495841545181,0.08323734440824815,0.034247614007203664,9.0,test,1417
cell-136,qtc,hpp_curated_panel,GBDT,0.11689028423886472,0.08323734440824815,0.03365293983061657,10.0,test,1417
cell-136,qtc,hpp_curated_panel,XGBoost,0.11153386476103655,0.08323734440824815,0.0282965203527884,11.0,test,1417
cell-136,qtc,hpp_curated_panel,CatBoost,0.12015217892647545,0.08323734440824815,0.0369148345182273,4.0,test,1417
cell-136,qtc,hpp_curated_panel,RealMLP,0.1193841202338698,0.08323734440824815,0.036146775825621646,6.0,test,1417
cell-136,qtc,hpp_curated_panel,TabSwift,0.11922791109540176,0.08323734440824815,0.03599056668715361,7.0,test,1417
cell-136,qtc,hpp_curated_panel,TabICL,0.12251588188242513,0.08323734440824815,0.03927853747417698,1.0,test,1417
cell-136,qtc,hpp_curated_panel,TabDPT,0.1196036256413816,0.08323734440824815,0.03636628123313346,5.0,test,1417
cell-136,qtc,hpp_curated_panel,TabPFN v2,0.11792158251320894,0.08323734440824815,0.034684238104960796,8.0,test,1417
cell-136,qtc,hpp_curated_panel,TabFM,0.12115936296416896,0.08323734440824815,0.03792201855592081,2.0,test,1417
cell-136,qtc,hpp_curated_panel,TabPFN 3.5,0.12031332164333342,0.08323734440824815,0.03707597723508527,3.0,test,1417
cell-137,qtc,hpp_curated_panel,Ridge,0.1055174095699708,0.07974401106850648,0.025773398501464317,6.0,test,1432
cell-137,qtc,hpp_curated_panel,GBDT,0.09194598160480028,0.07974401106850648,0.012201970536293794,9.0,test,1432
cell-137,qtc,hpp_curated_panel,XGBoost,0.09148851882452891,0.07974401106850648,0.011744507756022426,10.0,test,1432
cell-137,qtc,hpp_curated_panel,CatBoost,0.09829493964838554,0.07974401106850648,0.018550928579879056,8.0,test,1432
cell-137,qtc,hpp_curated_panel,RealMLP,0.08773646887280939,0.07974401106850648,0.00799245780430291,11.0,test,1432
cell-137,qtc,hpp_curated_panel,TabSwift,0.10813456589326842,0.07974401106850648,0.028390554824761938,4.0,test,1432
cell-137,qtc,hpp_curated_panel,TabICL,0.10591408462653673,0.07974401106850648,0.02617007355803025,5.0,test,1432
cell-137,qtc,hpp_curated_panel,TabDPT,0.10826249590870651,0.07974401106850648,0.02851848484020003,3.0,test,1432
cell-137,qtc,hpp_curated_panel,TabPFN v2,0.09974588577688304,0.07974401106850648,0.020001874708376555,7.0,test,1432
cell-137,qtc,hpp_curated_panel,TabFM,0.11425796741540017,0.07974401106850648,0.03451395634689369,2.0,test,1432
cell-137,qtc,hpp_curated_panel,TabPFN 3.5,0.11457350078301987,0.07974401106850648,0.034829489714513384,1.0,test,1432
cell-138,qtc,hpp_curated_panel,Ridge,0.09411904552520267,0.07530598386335918,0.01881306166184349,7.0,test,860
cell-138,qtc,hpp_curated_panel,GBDT,0.08876498377144071,0.07530598386335918,0.013458999908081526,11.0,test,860
cell-138,qtc,hpp_curated_panel,XGBoost,0.09217429690229229,0.07530598386335918,0.016868313038933103,8.0,test,860
cell-138,qtc,hpp_curated_panel,CatBoost,0.09027231878947561,0.07530598386335918,0.014966334926116431,10.0,test,860
cell-138,qtc,hpp_curated_panel,RealMLP,0.09061655946828606,0.07530598386335918,0.01531057560492688,9.0,test,860
cell-138,qtc,hpp_curated_panel,TabSwift,0.09797005074447473,0.07530598386335918,0.022664066881115552,3.0,test,860
cell-138,qtc,hpp_curated_panel,TabICL,0.09548198293062315,0.07530598386335918,0.020175999067263972,6.0,test,860
cell-138,qtc,hpp_curated_panel,TabDPT,0.09647103859683948,0.07530598386335918,0.021165054733480293,4.0,test,860
cell-138,qtc,hpp_curated_panel,TabPFN v2,0.09645764757541186,0.07530598386335918,0.021151663712052682,5.0,test,860
cell-138,qtc,hpp_curated_panel,TabFM,0.10004703764565825,0.07530598386335918,0.02474105378229907,2.0,test,860
cell-138,qtc,hpp_curated_panel,TabPFN 3.5,0.10033767910628011,0.07530598386335918,0.025031695242920926,1.0,test,860
cell-139,resting_hr,hpp_curated_panel,Ridge,0.1272756305719639,0.06922363888106242,0.05805199169090147,8.0,test,1434
cell-139,resting_hr,hpp_curated_panel,GBDT,0.10830123211618159,0.06922363888106242,0.03907759323511917,10.0,test,1434
cell-139,resting_hr,hpp_curated_panel,XGBoost,0.10786211029993198,0.06922363888106242,0.03863847141886956,11.0,test,1434
cell-139,resting_hr,hpp_curated_panel,CatBoost,0.11777321782263683,0.06922363888106242,0.04854957894157441,9.0,test,1434
cell-139,resting_hr,hpp_curated_panel,RealMLP,0.13510904768432253,0.06922363888106242,0.0658854088032601,6.0,test,1434
cell-139,resting_hr,hpp_curated_panel,TabSwift,0.14220503383812266,0.06922363888106242,0.07298139495706024,3.0,test,1434
cell-139,resting_hr,hpp_curated_panel,TabICL,0.1386904316839045,0.06922363888106242,0.06946679280284207,5.0,test,1434
cell-139,resting_hr,hpp_curated_panel,TabDPT,0.14211953785159837,0.06922363888106242,0.07289589897053594,4.0,test,1434
cell-139,resting_hr,hpp_curated_panel,TabPFN v2,0.1347475715582831,0.06922363888106242,0.06552393267722068,7.0,test,1434
cell-139,resting_hr,hpp_curated_panel,TabFM,0.1460848899772088,0.06922363888106242,0.07686125109614639,1.0,test,1434
cell-139,resting_hr,hpp_curated_panel,TabPFN 3.5,0.14254737228610315,0.06922363888106242,0.07332373340504073,2.0,test,1434
cell-140,resting_hr,hpp_curated_panel,Ridge,0.4536692950486827,0.06938715542479756,0.38428213962388513,8.0,test,1419
cell-140,resting_hr,hpp_curated_panel,GBDT,0.45087629628432213,0.06938715542479756,0.38148914085952457,10.0,test,1419
cell-140,resting_hr,hpp_curated_panel,XGBoost,0.4499817101386283,0.06938715542479756,0.38059455471383075,11.0,test,1419
cell-140,resting_hr,hpp_curated_panel,CatBoost,0.4521800973068384,0.06938715542479756,0.3827929418820408,9.0,test,1419
cell-140,resting_hr,hpp_curated_panel,RealMLP,0.45712215818521507,0.06938715542479756,0.3877350027604175,6.0,test,1419
cell-140,resting_hr,hpp_curated_panel,TabSwift,0.45798262564108205,0.06938715542479756,0.3885954702162845,5.0,test,1419
cell-140,resting_hr,hpp_curated_panel,TabICL,0.4565992139776338,0.06938715542479756,0.38721205855283625,7.0,test,1419
cell-140,resting_hr,hpp_curated_panel,TabDPT,0.4589920571334438,0.06938715542479756,0.38960490170864626,3.0,test,1419
cell-140,resting_hr,hpp_curated_panel,TabPFN v2,0.46043335665432084,0.06938715542479756,0.39104620122952327,1.0,test,1419
cell-140,resting_hr,hpp_curated_panel,TabFM,0.4583692259425256,0.06938715542479756,0.38898207051772804,4.0,test,1419
cell-140,resting_hr,hpp_curated_panel,TabPFN 3.5,0.4590222397398884,0.06938715542479756,0.38963508431509086,2.0,test,1419
cell-141,sbp,hpp_curated_panel,Ridge,0.2548344271982964,0.2386223332355777,0.01621209396271872,7.0,test,1425
cell-141,sbp,hpp_curated_panel,GBDT,0.24844831463277472,0.2386223332355777,0.009825981397197037,9.0,test,1425
cell-141,sbp,hpp_curated_panel,XGBoost,0.24509834401121222,0.2386223332355777,0.006476010775634533,11.0,test,1425
cell-141,sbp,hpp_curated_panel,CatBoost,0.2474439257246247,0.2386223332355777,0.008821592489047014,10.0,test,1425
cell-141,sbp,hpp_curated_panel,RealMLP,0.25271695545724226,0.2386223332355777,0.014094622221664577,8.0,test,1425
cell-141,sbp,hpp_curated_panel,TabSwift,0.2608693929763706,0.2386223332355777,0.022247059740792885,5.0,test,1425
cell-141,sbp,hpp_curated_panel,TabICL,0.262668133303642,0.2386223332355777,0.024045800068064338,2.0,test,1425
cell-141,sbp,hpp_curated_panel,TabDPT,0.2611993313777867,0.2386223332355777,0.022576998142209037,4.0,test,1425
cell-141,sbp,hpp_curated_panel,TabPFN v2,0.25543634476341504,0.2386223332355777,0.016814011527837347,6.0,test,1425
cell-141,sbp,hpp_curated_panel,TabFM,0.2619314508636186,0.2386223332355777,0.023309117628040887,3.0,test,1425
cell-141,sbp,hpp_curated_panel,TabPFN 3.5,0.2633133575811937,0.2386223332355777,0.024691024345615986,1.0,test,1425
cell-142,sbp,fundus_automorph_features,Ridge,0.37373126419910074,0.2892641617705852,0.08446710242851552,7.0,test,1192
cell-142,sbp,fundus_automorph_features,GBDT,0.3648934517266297,0.2892641617705852,0.07562928995604445,10.0,test,1192
cell-142,sbp,fundus_automorph_features,XGBoost,0.3608030250191402,0.2892641617705852,0.07153886324855496,11.0,test,1192
cell-142,sbp,fundus_automorph_features,CatBoost,0.36704232531739367,0.2892641617705852,0.07777816354680844,9.0,test,1192
cell-142,sbp,fundus_automorph_features,RealMLP,0.37894435076193667,0.2892641617705852,0.08968018899135144,4.0,test,1192
cell-142,sbp,fundus_automorph_features,TabSwift,0.37237487083590104,0.2892641617705852,0.08311070906531581,8.0,test,1192
cell-142,sbp,fundus_automorph_features,TabICL,0.38044467390872405,0.2892641617705852,0.09118051213813883,2.0,test,1192
cell-142,sbp,fundus_automorph_features,TabDPT,0.3756832466211749,0.2892641617705852,0.08641908485058969,6.0,test,1192
cell-142,sbp,fundus_automorph_features,TabPFN v2,0.3794440932753914,0.2892641617705852,0.09017993150480619,3.0,test,1192
cell-142,sbp,fundus_automorph_features,TabFM,0.3826763188743726,0.2892641617705852,0.09341215710378736,1.0,test,1192
cell-142,sbp,fundus_automorph_features,TabPFN 3.5,0.37734214556829626,0.2892641617705852,0.08807798379771103,5.0,test,1192
cell-143,tg,cgm_iglu,Ridge,0.13940760889550108,0.10854171319071071,0.03086589570479037,11.0,test,865
cell-143,tg,cgm_iglu,GBDT,0.15121454895560782,0.10854171319071071,0.04267283576489711,10.0,test,865
cell-143,tg,cgm_iglu,XGBoost,0.15164042616119766,0.10854171319071071,0.04309871297048695,9.0,test,865
cell-143,tg,cgm_iglu,CatBoost,0.1554052562293653,0.10854171319071071,0.04686354303865459,8.0,test,865
cell-143,tg,cgm_iglu,RealMLP,0.17985270600530168,0.10854171319071071,0.07131099281459097,5.0,test,865
cell-143,tg,cgm_iglu,TabSwift,0.16982896191769703,0.10854171319071071,0.06128724872698632,6.0,test,865
cell-143,tg,cgm_iglu,TabICL,0.18851486745137747,0.10854171319071071,0.07997315426066676,2.0,test,865
cell-143,tg,cgm_iglu,TabDPT,0.18300615386662933,0.10854171319071071,0.07446444067591862,4.0,test,865
cell-143,tg,cgm_iglu,TabPFN v2,0.16705680053217908,0.10854171319071071,0.058515087341468375,7.0,test,865
cell-143,tg,cgm_iglu,TabFM,0.18437954471706008,0.10854171319071071,0.07583783152634938,3.0,test,865
cell-143,tg,cgm_iglu,TabPFN 3.5,0.19414304637032598,0.10854171319071071,0.08560133317961527,1.0,test,865
cell-144,tg,hpp_curated_panel,Ridge,0.2100085560139936,0.08765319354700629,0.1223553624669873,10.0,test,535
cell-144,tg,hpp_curated_panel,GBDT,0.21042744299353022,0.08765319354700629,0.12277424944652393,9.0,test,535
cell-144,tg,hpp_curated_panel,XGBoost,0.20012505483692955,0.08765319354700629,0.11247186128992326,11.0,test,535
cell-144,tg,hpp_curated_panel,CatBoost,0.2163826344779256,0.08765319354700629,0.12872944093091931,6.0,test,535
cell-144,tg,hpp_curated_panel,RealMLP,0.2174994553182873,0.08765319354700629,0.129846261771281,5.0,test,535
cell-144,tg,hpp_curated_panel,TabSwift,0.2138515121506286,0.08765319354700629,0.1261983186036223,8.0,test,535
cell-144,tg,hpp_curated_panel,TabICL,0.2195127609069335,0.08765319354700629,0.1318595673599272,4.0,test,535
cell-144,tg,hpp_curated_panel,TabDPT,0.2249242070819727,0.08765319354700629,0.1372710135349664,2.0,test,535
cell-144,tg,hpp_curated_panel,TabPFN v2,0.22837997786571373,0.08765319354700629,0.14072678431870744,1.0,test,535
cell-144,tg,hpp_curated_panel,TabFM,0.2222887212947976,0.08765319354700629,0.1346355277477913,3.0,test,535
cell-144,tg,hpp_curated_panel,TabPFN 3.5,0.21560755907443963,0.08765319354700629,0.12795436552743333,7.0,test,535
cell-145,tg_nmr,hpp_curated_panel,Ridge,0.21226020661640954,0.10952432369237641,0.10273588292403313,11.0,test,1006
cell-145,tg_nmr,hpp_curated_panel,GBDT,0.21541679698163563,0.10952432369237641,0.10589247328925921,9.0,test,1006
cell-145,tg_nmr,hpp_curated_panel,XGBoost,0.21493706785955757,0.10952432369237641,0.10541274416718116,10.0,test,1006
cell-145,tg_nmr,hpp_curated_panel,CatBoost,0.23009347402389813,0.10952432369237641,0.12056915033152171,7.0,test,1006
cell-145,tg_nmr,hpp_curated_panel,RealMLP,0.23467963440668238,0.10952432369237641,0.12515531071430597,5.0,test,1006
cell-145,tg_nmr,hpp_curated_panel,TabSwift,0.22959218735634235,0.10952432369237641,0.12006786366396593,8.0,test,1006
cell-145,tg_nmr,hpp_curated_panel,TabICL,0.23647453023047893,0.10952432369237641,0.12695020653810252,4.0,test,1006
cell-145,tg_nmr,hpp_curated_panel,TabDPT,0.2345759493958527,0.10952432369237641,0.12505162570347628,6.0,test,1006
cell-145,tg_nmr,hpp_curated_panel,TabPFN v2,0.23670619284730432,0.10952432369237641,0.1271818691549279,3.0,test,1006
cell-145,tg_nmr,hpp_curated_panel,TabFM,0.23819292757554078,0.10952432369237641,0.12866860388316437,1.0,test,1006
cell-145,tg_nmr,hpp_curated_panel,TabPFN 3.5,0.2377367875259806,0.10952432369237641,0.12821246383360418,2.0,test,1006
cell-146,tg_nmr,cgm_iglu,Ridge,0.15047479806333586,0.11620879240871562,0.034266005654620235,10.0,test,1400
cell-146,tg_nmr,cgm_iglu,GBDT,0.15642115693006697,0.11620879240871562,0.04021236452135135,8.0,test,1400
cell-146,tg_nmr,cgm_iglu,XGBoost,0.1451757862387938,0.11620879240871562,0.02896699383007817,11.0,test,1400
cell-146,tg_nmr,cgm_iglu,CatBoost,0.15554871229352984,0.11620879240871562,0.03933991988481422,9.0,test,1400
cell-146,tg_nmr,cgm_iglu,RealMLP,0.17539034570679468,0.11620879240871562,0.05918155329807906,5.0,test,1400
cell-146,tg_nmr,cgm_iglu,TabSwift,0.1633418948858094,0.11620879240871562,0.04713310247709379,7.0,test,1400
cell-146,tg_nmr,cgm_iglu,TabICL,0.1795795142076282,0.11620879240871562,0.06337072179891257,3.0,test,1400
cell-146,tg_nmr,cgm_iglu,TabDPT,0.17657661699783134,0.11620879240871562,0.060367824589115715,4.0,test,1400
cell-146,tg_nmr,cgm_iglu,TabPFN v2,0.17146357939133616,0.11620879240871562,0.05525478698262054,6.0,test,1400
cell-146,tg_nmr,cgm_iglu,TabFM,0.18793428657862754,0.11620879240871562,0.07172549416991192,1.0,test,1400
cell-146,tg_nmr,cgm_iglu,TabPFN 3.5,0.18226447366599974,0.11620879240871562,0.06605568125728412,2.0,test,1400
cell-147,thigh_ankle_pwv,hpp_curated_panel,Ridge,0.23459286500958199,0.15804581062519896,0.07654705438438303,9.0,test,1136
cell-147,thigh_ankle_pwv,hpp_curated_panel,GBDT,0.22578101135115713,0.15804581062519896,0.06773520072595818,10.0,test,1136
cell-147,thigh_ankle_pwv,hpp_curated_panel,XGBoost,0.22509660039516943,0.15804581062519896,0.06705078976997048,11.0,test,1136
cell-147,thigh_ankle_pwv,hpp_curated_panel,CatBoost,0.23671002832348353,0.15804581062519896,0.07866421769828458,7.0,test,1136
cell-147,thigh_ankle_pwv,hpp_curated_panel,RealMLP,0.24142081371868285,0.15804581062519896,0.08337500309348389,6.0,test,1136
cell-147,thigh_ankle_pwv,hpp_curated_panel,TabSwift,0.24732074117815128,0.15804581062519896,0.08927493055295233,3.0,test,1136
cell-147,thigh_ankle_pwv,hpp_curated_panel,TabICL,0.2462103325127628,0.15804581062519896,0.08816452188756385,4.0,test,1136
cell-147,thigh_ankle_pwv,hpp_curated_panel,TabDPT,0.2440995566502242,0.15804581062519896,0.08605374602502525,5.0,test,1136
cell-147,thigh_ankle_pwv,hpp_curated_panel,TabPFN v2,0.2365329312269201,0.15804581062519896,0.07848712060172114,8.0,test,1136
cell-147,thigh_ankle_pwv,hpp_curated_panel,TabFM,0.2541816459452395,0.15804581062519896,0.09613583532004055,2.0,test,1136
cell-147,thigh_ankle_pwv,hpp_curated_panel,TabPFN 3.5,0.25814454261482156,0.15804581062519896,0.1000987319896226,1.0,test,1136
cell-148,thigh_ankle_pwv,fundus_automorph_features,Ridge,0.23398095879946523,0.16740761625809808,0.06657334254136715,4.0,test,918
cell-148,thigh_ankle_pwv,fundus_automorph_features,GBDT,0.21521163911160335,0.16740761625809808,0.04780402285350527,10.0,test,918
cell-148,thigh_ankle_pwv,fundus_automorph_features,XGBoost,0.2080780490800973,0.16740761625809808,0.040670432821999225,11.0,test,918
cell-148,thigh_ankle_pwv,fundus_automorph_features,CatBoost,0.219085332953177,0.16740761625809808,0.051677716695078924,9.0,test,918
cell-148,thigh_ankle_pwv,fundus_automorph_features,RealMLP,0.23001975092275218,0.16740761625809808,0.0626121346646541,7.0,test,918
cell-148,thigh_ankle_pwv,fundus_automorph_features,TabSwift,0.23344709179240808,0.16740761625809808,0.06603947553431,6.0,test,918
cell-148,thigh_ankle_pwv,fundus_automorph_features,TabICL,0.23392357908887573,0.16740761625809808,0.06651596283077765,5.0,test,918
cell-148,thigh_ankle_pwv,fundus_automorph_features,TabDPT,0.22642003319155957,0.16740761625809808,0.05901241693346149,8.0,test,918
cell-148,thigh_ankle_pwv,fundus_automorph_features,TabPFN v2,0.23547858468393779,0.16740761625809808,0.0680709684258397,2.0,test,918
cell-148,thigh_ankle_pwv,fundus_automorph_features,TabFM,0.23662829276472064,0.16740761625809808,0.06922067650662256,1.0,test,918
cell-148,thigh_ankle_pwv,fundus_automorph_features,TabPFN 3.5,0.23449929076132958,0.16740761625809808,0.0670916745032315,3.0,test,918
cell-149,total_bcaa_nmr,hpp_curated_panel,Ridge,0.09077412333165802,0.07854994920873348,0.012224174122924536,7.0,test,1006
cell-149,total_bcaa_nmr,hpp_curated_panel,GBDT,0.0959466510368977,0.07854994920873348,0.01739670182816422,5.0,test,1006
cell-149,total_bcaa_nmr,hpp_curated_panel,XGBoost,0.08381063510940923,0.07854994920873348,0.005260685900675743,9.0,test,1006
cell-149,total_bcaa_nmr,hpp_curated_panel,CatBoost,0.09516330909439119,0.07854994920873348,0.016613359885657708,6.0,test,1006
cell-149,total_bcaa_nmr,hpp_curated_panel,RealMLP,0.0978194654565323,0.07854994920873348,0.019269516247798824,3.0,test,1006
cell-149,total_bcaa_nmr,hpp_curated_panel,TabSwift,0.08379219146534067,0.07854994920873348,0.005242242256607188,10.0,test,1006
cell-149,total_bcaa_nmr,hpp_curated_panel,TabICL,0.09704249096096318,0.07854994920873348,0.018492541752229696,4.0,test,1006
cell-149,total_bcaa_nmr,hpp_curated_panel,TabDPT,0.09843419704804546,0.07854994920873348,0.019884247839311975,2.0,test,1006
cell-149,total_bcaa_nmr,hpp_curated_panel,TabPFN v2,0.08478769520561069,0.07854994920873348,0.006237745996877209,8.0,test,1006
cell-149,total_bcaa_nmr,hpp_curated_panel,TabFM,0.09952718037319175,0.07854994920873348,0.020977231164458265,1.0,test,1006
cell-149,total_bcaa_nmr,hpp_curated_panel,TabPFN 3.5,0.08328631403678033,0.07854994920873348,0.004736364828046846,11.0,test,1006
cell-150,total_bcaa_nmr,cgm_iglu,Ridge,0.11974188288252197,0.08309328961571372,0.03664859326680825,10.0,test,1403
cell-150,total_bcaa_nmr,cgm_iglu,GBDT,0.12918602012692604,0.08309328961571372,0.04609273051121232,3.0,test,1403
cell-150,total_bcaa_nmr,cgm_iglu,XGBoost,0.11913509810458622,0.08309328961571372,0.03604180848887251,11.0,test,1403
cell-150,total_bcaa_nmr,cgm_iglu,CatBoost,0.13083506597150918,0.08309328961571372,0.04774177635579546,2.0,test,1403
cell-150,total_bcaa_nmr,cgm_iglu,RealMLP,0.12327079877402503,0.08309328961571372,0.04017750915831131,8.0,test,1403
cell-150,total_bcaa_nmr,cgm_iglu,TabSwift,0.12172463722550553,0.08309328961571372,0.03863134760979181,9.0,test,1403
cell-150,total_bcaa_nmr,cgm_iglu,TabICL,0.13215518358656253,0.08309328961571372,0.04906189397084881,1.0,test,1403
cell-150,total_bcaa_nmr,cgm_iglu,TabDPT,0.12720462252647813,0.08309328961571372,0.04411133291076441,5.0,test,1403
cell-150,total_bcaa_nmr,cgm_iglu,TabPFN v2,0.12789010759804742,0.08309328961571372,0.0447968179823337,4.0,test,1403
cell-150,total_bcaa_nmr,cgm_iglu,TabFM,0.1271317708607682,0.08309328961571372,0.044038481245054495,6.0,test,1403
cell-150,total_bcaa_nmr,cgm_iglu,TabPFN 3.5,0.125611901377928,0.08309328961571372,0.042518611762214276,7.0,test,1403
cell-151,tsh,hpp_curated_panel,Ridge,0.003559674136827451,0.0038145354081257077,-0.00025486127129825675,8.0,test,644
cell-151,tsh,hpp_curated_panel,GBDT,0.007154666607750992,0.0038145354081257077,0.0033401311996252847,6.0,test,644
cell-151,tsh,hpp_curated_panel,XGBoost,0.009095035746455649,0.0038145354081257077,0.005280500338329941,5.0,test,644
cell-151,tsh,hpp_curated_panel,CatBoost,0.009534309744323344,0.0038145354081257077,0.005719774336197636,3.0,test,644
cell-151,tsh,hpp_curated_panel,RealMLP,0.002301506621119498,0.0038145354081257077,-0.0015130287870062098,9.0,test,644
cell-151,tsh,hpp_curated_panel,TabSwift,-0.00370424962993976,0.0038145354081257077,-0.0075187850380654675,10.0,test,644
cell-151,tsh,hpp_curated_panel,TabICL,-0.012864006842987274,0.0038145354081257077,-0.016678542251112982,11.0,test,644
cell-151,tsh,hpp_curated_panel,TabDPT,0.010648028117828612,0.0038145354081257077,0.006833492709702904,2.0,test,644
cell-151,tsh,hpp_curated_panel,TabPFN v2,0.004240880937287583,0.0038145354081257077,0.0004263455291618756,7.0,test,644
cell-151,tsh,hpp_curated_panel,TabFM,0.009134940608137798,0.0038145354081257077,0.0053204052000120905,4.0,test,644
cell-151,tsh,hpp_curated_panel,TabPFN 3.5,0.01072856155470936,0.0038145354081257077,0.006914026146583652,1.0,test,644
cell-152,tsh,hpp_curated_panel,Ridge,-0.00041390558162679447,0.0008845966091938218,-0.0012985021908206162,4.0,test,456
cell-152,tsh,hpp_curated_panel,GBDT,-0.010625174380737512,0.0008845966091938218,-0.011509770989931334,6.0,test,456
cell-152,tsh,hpp_curated_panel,XGBoost,-0.12944516396738326,0.0008845966091938218,-0.13032976057657708,11.0,test,456
cell-152,tsh,hpp_curated_panel,CatBoost,-0.014550892267521931,0.0008845966091938218,-0.015435488876715753,8.0,test,456
cell-152,tsh,hpp_curated_panel,RealMLP,-0.006625075626986776,0.0008845966091938218,-0.007509672236180598,5.0,test,456
cell-152,tsh,hpp_curated_panel,TabSwift,-0.01656441289427324,0.0008845966091938218,-0.01744900950346706,10.0,test,456
cell-152,tsh,hpp_curated_panel,TabICL,0.005046078450085534,0.0008845966091938218,0.004161481840891712,1.0,test,456
cell-152,tsh,hpp_curated_panel,TabDPT,0.002136790926407617,0.0008845966091938218,0.001252194317213795,2.0,test,456
cell-152,tsh,hpp_curated_panel,TabPFN v2,-0.014852554479315438,0.0008845966091938218,-0.01573715108850926,9.0,test,456
cell-152,tsh,hpp_curated_panel,TabFM,0.00021483606174865777,0.0008845966091938218,-0.000669760547445164,3.0,test,456
cell-152,tsh,hpp_curated_panel,TabPFN 3.5,-0.011299462351270995,0.0008845966091938218,-0.012184058960464816,7.0,test,456
cell-153,tyg,hpp_curated_panel,Ridge,0.29370687934475936,0.1427129934807616,0.15099388586399776,11.0,test,524
cell-153,tyg,hpp_curated_panel,GBDT,0.3086870806499218,0.1427129934807616,0.16597408716916018,9.0,test,524
cell-153,tyg,hpp_curated_panel,XGBoost,0.29636407872297443,0.1427129934807616,0.15365108524221283,10.0,test,524
cell-153,tyg,hpp_curated_panel,CatBoost,0.31069851397892734,0.1427129934807616,0.16798552049816573,8.0,test,524
cell-153,tyg,hpp_curated_panel,RealMLP,0.3178750369805807,0.1427129934807616,0.17516204349981912,5.0,test,524
cell-153,tyg,hpp_curated_panel,TabSwift,0.31765360823597844,0.1427129934807616,0.17494061475521683,6.0,test,524
cell-153,tyg,hpp_curated_panel,TabICL,0.31718838471619837,0.1427129934807616,0.17447539123543676,7.0,test,524
cell-153,tyg,hpp_curated_panel,TabDPT,0.3203768487668063,0.1427129934807616,0.17766385528604467,3.0,test,524
cell-153,tyg,hpp_curated_panel,TabPFN v2,0.32307998152629,0.1427129934807616,0.18036698804552842,1.0,test,524
cell-153,tyg,hpp_curated_panel,TabFM,0.3224745281348802,0.1427129934807616,0.1797615346541186,2.0,test,524
cell-153,tyg,hpp_curated_panel,TabPFN 3.5,0.3200283039746393,0.1427129934807616,0.17731531049387772,4.0,test,524
cell-154,tyg,hpp_curated_panel,Ridge,0.17371435398958457,0.15768028380337418,0.016034070186210392,11.0,test,604
cell-154,tyg,hpp_curated_panel,GBDT,0.18002120666881216,0.15768028380337418,0.022340922865437984,9.0,test,604
cell-154,tyg,hpp_curated_panel,XGBoost,0.17619372352763196,0.15768028380337418,0.018513439724257785,10.0,test,604
cell-154,tyg,hpp_curated_panel,CatBoost,0.18355205130799934,0.15768028380337418,0.025871767504625165,7.0,test,604
cell-154,tyg,hpp_curated_panel,RealMLP,0.18500757474610163,0.15768028380337418,0.027327290942727456,6.0,test,604
cell-154,tyg,hpp_curated_panel,TabSwift,0.19064779533606946,0.15768028380337418,0.03296751153269528,1.0,test,604
cell-154,tyg,hpp_curated_panel,TabICL,0.18568367623741122,0.15768028380337418,0.028003392434037044,4.0,test,604
cell-154,tyg,hpp_curated_panel,TabDPT,0.1886969366758755,0.15768028380337418,0.031016652872501327,2.0,test,604
cell-154,tyg,hpp_curated_panel,TabPFN v2,0.18309279797827904,0.15768028380337418,0.025412514174904866,8.0,test,604
cell-154,tyg,hpp_curated_panel,TabFM,0.18565336176749658,0.15768028380337418,0.027973077964122406,5.0,test,604
cell-154,tyg,hpp_curated_panel,TabPFN 3.5,0.18722106913496128,0.15768028380337418,0.029540785331587105,3.0,test,604
cell-155,vitamin_d,hpp_curated_panel,Ridge,0.08890232113252339,0.05351484369113835,0.03538747744138504,4.0,test,246
cell-155,vitamin_d,hpp_curated_panel,GBDT,0.09767441026659174,0.05351484369113835,0.04415956657545339,1.0,test,246
cell-155,vitamin_d,hpp_curated_panel,XGBoost,0.09037118858379045,0.05351484369113835,0.036856344892652104,3.0,test,246
cell-155,vitamin_d,hpp_curated_panel,CatBoost,0.0885179357182847,0.05351484369113835,0.035003092027146354,5.0,test,246
cell-155,vitamin_d,hpp_curated_panel,RealMLP,0.07556444464798939,0.05351484369113835,0.022049600956851045,11.0,test,246
cell-155,vitamin_d,hpp_curated_panel,TabSwift,0.07947510670036806,0.05351484369113835,0.02596026300922971,10.0,test,246
cell-155,vitamin_d,hpp_curated_panel,TabICL,0.08696172926096601,0.05351484369113835,0.03344688556982767,7.0,test,246
cell-155,vitamin_d,hpp_curated_panel,TabDPT,0.09609334783423507,0.05351484369113835,0.04257850414309672,2.0,test,246
cell-155,vitamin_d,hpp_curated_panel,TabPFN v2,0.08499107690513497,0.05351484369113835,0.03147623321399662,9.0,test,246
cell-155,vitamin_d,hpp_curated_panel,TabFM,0.08774310461829748,0.05351484369113835,0.03422826092715914,6.0,test,246
cell-155,vitamin_d,hpp_curated_panel,TabPFN 3.5,0.085438500064826,0.05351484369113835,0.03192365637368766,8.0,test,246
cell-156,vitamin_d,hpp_curated_panel,Ridge,0.12131691992170435,0.09158647060754732,0.029730449314157026,5.0,test,336
cell-156,vitamin_d,hpp_curated_panel,GBDT,0.09884101282108437,0.09158647060754732,0.007254542213537052,9.0,test,336
cell-156,vitamin_d,hpp_curated_panel,XGBoost,0.07666044127084037,0.09158647060754732,-0.014926029336706947,11.0,test,336
cell-156,vitamin_d,hpp_curated_panel,CatBoost,0.09847407795343643,0.09158647060754732,0.006887607345889113,10.0,test,336
cell-156,vitamin_d,hpp_curated_panel,RealMLP,0.10918328620419315,0.09158647060754732,0.01759681559664583,7.0,test,336
cell-156,vitamin_d,hpp_curated_panel,TabSwift,0.1042691563883752,0.09158647060754732,0.012682685780827874,8.0,test,336
cell-156,vitamin_d,hpp_curated_panel,TabICL,0.13364525570850294,0.09158647060754732,0.04205878510095562,2.0,test,336
cell-156,vitamin_d,hpp_curated_panel,TabDPT,0.12547153747857887,0.09158647060754732,0.033885066871031544,3.0,test,336
cell-156,vitamin_d,hpp_curated_panel,TabPFN v2,0.10934715377191673,0.09158647060754732,0.017760683164369406,6.0,test,336
cell-156,vitamin_d,hpp_curated_panel,TabFM,0.14417855508997157,0.09158647060754732,0.05259208448242425,1.0,test,336
cell-156,vitamin_d,hpp_curated_panel,TabPFN 3.5,0.122768269522195,0.09158647060754732,0.031181798914647674,4.0,test,336
cell-157,wbc,hpp_curated_panel,Ridge,0.19764657334436753,0.06115915702819763,0.1364874163161699,4.0,test,438
cell-157,wbc,hpp_curated_panel,GBDT,0.1367861186934568,0.06115915702819763,0.07562696166525917,10.0,test,438
cell-157,wbc,hpp_curated_panel,XGBoost,0.1292698798307469,0.06115915702819763,0.06811072280254926,11.0,test,438
cell-157,wbc,hpp_curated_panel,CatBoost,0.1453497546684578,0.06115915702819763,0.08419059764026016,9.0,test,438
cell-157,wbc,hpp_curated_panel,RealMLP,0.16817418894650815,0.06115915702819763,0.10701503191831052,8.0,test,438
cell-157,wbc,hpp_curated_panel,TabSwift,0.1813403075883504,0.06115915702819763,0.12018115056015277,7.0,test,438
cell-157,wbc,hpp_curated_panel,TabICL,0.20660795712226465,0.06115915702819763,0.14544880009406702,3.0,test,438
cell-157,wbc,hpp_curated_panel,TabDPT,0.19744123618280796,0.06115915702819763,0.13628207915461032,5.0,test,438
cell-157,wbc,hpp_curated_panel,TabPFN v2,0.185546359604972,0.06115915702819763,0.12438720257677438,6.0,test,438
cell-157,wbc,hpp_curated_panel,TabFM,0.21062607622613083,0.06115915702819763,0.1494669191979332,1.0,test,438
cell-157,wbc,hpp_curated_panel,TabPFN 3.5,0.20880911604962693,0.06115915702819763,0.1476499590214293,2.0,test,438
cell-158,wbc,hpp_curated_panel,Ridge,0.0755842716342694,0.049550219623124336,0.02603405201114506,9.0,test,687
cell-158,wbc,hpp_curated_panel,GBDT,0.07555875339387441,0.049550219623124336,0.026008533770750075,10.0,test,687
cell-158,wbc,hpp_curated_panel,XGBoost,0.07058083871272125,0.049550219623124336,0.021030619089596914,11.0,test,687
cell-158,wbc,hpp_curated_panel,CatBoost,0.07725190575527285,0.049550219623124336,0.027701686132148517,7.0,test,687
cell-158,wbc,hpp_curated_panel,RealMLP,0.07720812269378574,0.049550219623124336,0.027657903070661405,8.0,test,687
cell-158,wbc,hpp_curated_panel,TabSwift,0.08471716075372115,0.049550219623124336,0.03516694113059682,3.0,test,687
cell-158,wbc,hpp_curated_panel,TabICL,0.08628868090291764,0.049550219623124336,0.0367384612797933,1.0,test,687
cell-158,wbc,hpp_curated_panel,TabDPT,0.08530134123765243,0.049550219623124336,0.03575112161452809,2.0,test,687
cell-158,wbc,hpp_curated_panel,TabPFN v2,0.07867780168850225,0.049550219623124336,0.02912758206537791,6.0,test,687
cell-158,wbc,hpp_curated_panel,TabFM,0.08449024457904908,0.049550219623124336,0.03494002495592474,4.0,test,687
cell-158,wbc,hpp_curated_panel,TabPFN 3.5,0.08020304585388582,0.049550219623124336,0.030652826230761487,5.0,test,687
cell-159,wbc,hpp_curated_panel,Ridge,0.08201553730552202,0.030216215885172648,0.051799321420349376,7.0,test,696
cell-159,wbc,hpp_curated_panel,GBDT,0.05879328859804012,0.030216215885172648,0.02857707271286747,11.0,test,696
cell-159,wbc,hpp_curated_panel,XGBoost,0.06741378770974482,0.030216215885172648,0.03719757182457217,8.0,test,696
cell-159,wbc,hpp_curated_panel,CatBoost,0.066314424059425,0.030216215885172648,0.036098208174252355,10.0,test,696
cell-159,wbc,hpp_curated_panel,RealMLP,0.06694634814159672,0.030216215885172648,0.036730132256424075,9.0,test,696
cell-159,wbc,hpp_curated_panel,TabSwift,0.08403388691881586,0.030216215885172648,0.05381767103364321,6.0,test,696
cell-159,wbc,hpp_curated_panel,TabICL,0.09465052918667372,0.030216215885172648,0.06443431330150107,3.0,test,696
cell-159,wbc,hpp_curated_panel,TabDPT,0.08656091328932958,0.030216215885172648,0.05634469740415693,5.0,test,696
cell-159,wbc,hpp_curated_panel,TabPFN v2,0.08763003160076688,0.030216215885172648,0.05741381571559423,4.0,test,696
cell-159,wbc,hpp_curated_panel,TabFM,0.10188623556414989,0.030216215885172648,0.07167001967897724,1.0,test,696
cell-159,wbc,hpp_curated_panel,TabPFN 3.5,0.09665163816475952,0.030216215885172648,0.06643542227958688,2.0,test,696
cell-160,wbc,hpp_curated_panel,Ridge,0.03595878207187253,0.024693258453530764,0.011265523618341766,7.0,test,749
cell-160,wbc,hpp_curated_panel,GBDT,0.024419608410837013,0.024693258453530764,-0.0002736500426937516,11.0,test,749
cell-160,wbc,hpp_curated_panel,XGBoost,0.03234199354271916,0.024693258453530764,0.0076487350891883965,9.0,test,749
cell-160,wbc,hpp_curated_panel,CatBoost,0.029662522762917476,0.024693258453530764,0.004969264309386712,10.0,test,749
cell-160,wbc,hpp_curated_panel,RealMLP,0.03757200029740548,0.024693258453530764,0.01287874184387472,5.0,test,749
cell-160,wbc,hpp_curated_panel,TabSwift,0.037591691938952954,0.024693258453530764,0.01289843348542219,4.0,test,749
cell-160,wbc,hpp_curated_panel,TabICL,0.03796378077161899,0.024693258453530764,0.01327052231808823,2.0,test,749
cell-160,wbc,hpp_curated_panel,TabDPT,0.03791852434818366,0.024693258453530764,0.013225265894652893,3.0,test,749
cell-160,wbc,hpp_curated_panel,TabPFN v2,0.035484395918433664,0.024693258453530764,0.0107911374649029,8.0,test,749
cell-160,wbc,hpp_curated_panel,TabFM,0.03727727012780646,0.024693258453530764,0.012584011674275697,6.0,test,749
cell-160,wbc,hpp_curated_panel,TabPFN 3.5,0.04136580128570555,0.024693258453530764,0.016672542832174786,1.0,test,749
